{
  "meta": {
    "mode": "static",
    "representation_bias": 0.6,
    "label_bias": 0.0,
    "seed": 42,
    "reweighting_enabled": true,
    "reweighting_mode": "auto",
    "manual_group_weights": {
      "A": 0.9999999999999998,
      "B": 1.0
    },
    "model": "XGBoost",
    "calibration": "Isotonic"
  },
  "overall_metrics": {
    "roc_auc": 0.9764622200544649,
    "accuracy": 0.9233278955954323,
    "precision": 0.9146110056925996,
    "recall": 0.9077212806026366,
    "log_loss": 0.251685102065399
  },
  "by_group": {
    "A": {
      "support": 771,
      "roc_auc": 0.9682188065099457,
      "log_loss": 0.3090504121083236,
      "accuracy": 0.9130998702983139,
      "precision": 0.9330357142857143,
      "recall": 0.9186813186813186,
      "FPR": 0.0949367088607595,
      "approval_rate": 0.5810635538261998
    },
    "B": {
      "support": 455,
      "roc_auc": 0.9716532426051937,
      "log_loss": 0.15447926900365194,
      "accuracy": 0.9406593406593406,
      "precision": 0.810126582278481,
      "recall": 0.8421052631578947,
      "FPR": 0.0395778364116095,
      "approval_rate": 0.17362637362637362
    }
  },
  "bias_metrics": {
    "SPD": -0.40743718019982617,
    "EOD": -0.07657605552342395,
    "AOD": 0.06596746398628697,
    "PrecisionDiff": -0.1229091320072333
  }
}