{
  "meta": {
    "mode": "static",
    "representation_bias": 0.5,
    "label_bias": 0.5,
    "seed": 42,
    "reweighting_enabled": false,
    "reweighting_mode": "none",
    "manual_group_weights": null,
    "model": "XGBoost",
    "calibration": "Isotonic"
  },
  "overall_metrics": {
    "roc_auc": 0.9837240075085534,
    "accuracy": 0.9426229508196722,
    "precision": 0.9132149901380671,
    "recall": 0.9468302658486708,
    "log_loss": 0.1586015698289714
  },
  "by_group": {
    "A": {
      "support": 644,
      "roc_auc": 0.9633164295440673,
      "log_loss": 0.20537677302130702,
      "accuracy": 0.9316770186335404,
      "precision": 0.9404255319148936,
      "recall": 0.9650655021834061,
      "FPR": 0.15053763440860216,
      "approval_rate": 0.7298136645962733
    },
    "B": {
      "support": 576,
      "roc_auc": 0.9521160106540396,
      "log_loss": 0.10630429403754062,
      "accuracy": 0.9548611111111112,
      "precision": 0.5675675675675675,
      "recall": 0.6774193548387096,
      "FPR": 0.029357798165137616,
      "approval_rate": 0.0642361111111111
    }
  },
  "bias_metrics": {
    "SPD": -0.6655775534851622,
    "EOD": -0.2876461473446965,
    "AOD": 0.2044129917940805,
    "PrecisionDiff": -0.3728579643473261
  }
}