{
  "meta": {
    "mode": "static",
    "representation_bias": 0.7,
    "label_bias": 0.6,
    "seed": 42,
    "reweighting_enabled": true,
    "reweighting_mode": "manual",
    "manual_group_weights": {
      "A": 0.5,
      "B": 1.5
    },
    "model": "XGBoost",
    "calibration": "Isotonic"
  },
  "overall_metrics": {
    "roc_auc": 0.9717700158998821,
    "accuracy": 0.920926517571885,
    "precision": 0.924219910846954,
    "recall": 0.9283582089552239,
    "log_loss": 0.23608745303393813
  },
  "by_group": {
    "A": {
      "support": 908,
      "roc_auc": 0.9491265123857224,
      "log_loss": 0.2781878020337861,
      "accuracy": 0.9074889867841409,
      "precision": 0.9332321699544764,
      "recall": 0.9389312977099237,
      "FPR": 0.17391304347826086,
      "approval_rate": 0.7257709251101322
    },
    "B": {
      "support": 344,
      "roc_auc": 0.9289766970618034,
      "log_loss": 0.12496211323201378,
      "accuracy": 0.9563953488372093,
      "precision": 0.5,
      "recall": 0.4666666666666667,
      "FPR": 0.02127659574468085,
      "approval_rate": 0.040697674418604654
    }
  },
  "bias_metrics": {
    "SPD": -0.6850732506915276,
    "EOD": -0.472264631043257,
    "AOD": 0.3124505393884185,
    "PrecisionDiff": -0.43323216995447644
  }
}