{
  "meta": {
    "mode": "static",
    "representation_bias": 0.7,
    "label_bias": 0.6,
    "seed": 42,
    "reweighting_enabled": false,
    "reweighting_mode": "none",
    "manual_group_weights": null,
    "model": "XGBoost",
    "calibration": "Isotonic"
  },
  "overall_metrics": {
    "roc_auc": 0.9697184182181875,
    "accuracy": 0.9161341853035144,
    "precision": 0.9041487839771102,
    "recall": 0.9432835820895522,
    "log_loss": 0.21699338610663432
  },
  "by_group": {
    "A": {
      "support": 908,
      "roc_auc": 0.9491597018978366,
      "log_loss": 0.24054024200387927,
      "accuracy": 0.9085903083700441,
      "precision": 0.9230769230769231,
      "recall": 0.9526717557251908,
      "FPR": 0.20553359683794467,
      "approval_rate": 0.7444933920704846
    },
    "B": {
      "support": 344,
      "roc_auc": 0.8944275582573455,
      "log_loss": 0.15484063856390629,
      "accuracy": 0.936046511627907,
      "precision": 0.34782608695652173,
      "recall": 0.5333333333333333,
      "FPR": 0.04559270516717325,
      "approval_rate": 0.06686046511627906
    }
  },
  "bias_metrics": {
    "SPD": -0.6776329269542055,
    "EOD": -0.4193384223918575,
    "AOD": 0.28963965703131445,
    "PrecisionDiff": -0.5752508361204014
  }
}