{
  "meta": {
    "mode": "static",
    "representation_bias": 0.8,
    "label_bias": 0.6,
    "seed": 42,
    "reweighting_enabled": false,
    "reweighting_mode": "none",
    "manual_group_weights": null,
    "model": "XGBoost",
    "calibration": "None"
  },
  "overall_metrics": {
    "roc_auc": 0.9220901375234805,
    "accuracy": 0.8279483037156704,
    "precision": 0.7964989059080962,
    "recall": 0.9642384105960264,
    "log_loss": 0.42707392127109856
  },
  "by_group": {
    "A": {
      "support": 1016,
      "roc_auc": 0.9687547540179119,
      "log_loss": 0.18469058418637033,
      "accuracy": 0.9271653543307087,
      "precision": 0.9359477124183007,
      "recall": 0.9662618083670715,
      "FPR": 0.1781818181818182,
      "approval_rate": 0.7529527559055118
    },
    "B": {
      "support": 222,
      "roc_auc": 0.790521978021978,
      "log_loss": 1.53635982432553,
      "accuracy": 0.3738738738738739,
      "precision": 0.08053691275167785,
      "recall": 0.8571428571428571,
      "FPR": 0.6586538461538461,
      "approval_rate": 0.6711711711711712
    }
  },
  "bias_metrics": {
    "SPD": -0.0817815847343406,
    "EOD": -0.10911895122421444,
    "AOD": 0.2947954895981212,
    "PrecisionDiff": -0.8554107996666228
  }
}