{
  "meta": {
    "mode": "static",
    "representation_bias": 0.6,
    "label_bias": 0.5,
    "seed": 42,
    "reweighting_enabled": true,
    "reweighting_mode": "auto",
    "manual_group_weights": {
      "A": 1.0,
      "B": 1.0000000000000002
    },
    "model": "XGBoost",
    "calibration": "Isotonic"
  },
  "overall_metrics": {
    "roc_auc": 0.96,
    "accuracy": 0.9633507853403142,
    "precision": 1.0,
    "recall": 0.9066666666666666,
    "log_loss": 1.1432266806265972
  },
  "by_group": {
    "A": {
      "roc_auc": 0.9571428571428571,
      "log_loss": 1.9622838555873103,
      "accuracy": 0.9369369369369369,
      "precision": 1.0,
      "recall": 0.9,
      "FPR": 0.0,
      "approval_rate": 0.5675675675675675
    },
    "B": {
      "roc_auc": 1.0,
      "log_loss": 0.006784850368608003,
      "accuracy": 1.0,
      "precision": 1.0,
      "recall": 1.0,
      "FPR": 0.0,
      "approval_rate": 0.0625
    }
  },
  "bias_metrics": {
    "SPD": 0.5050675675675675,
    "EOD": -0.09999999999999998,
    "AOD": 0.04999999999999999,
    "PrecisionDiff": 0.0
  }
}