{
  "meta": {
    "mode": "static",
    "representation_bias": 0.7,
    "label_bias": 0.5,
    "seed": 42,
    "reweighting_enabled": true,
    "reweighting_mode": "manual",
    "manual_group_weights": {
      "A": 0.5,
      "B": 1.5
    },
    "model": "XGBoost",
    "calibration": "Isotonic"
  },
  "overall_metrics": {
    "roc_auc": 0.9887445887445887,
    "accuracy": 0.9481865284974094,
    "precision": 0.9148936170212766,
    "recall": 0.9772727272727273,
    "log_loss": 0.44663924261262045
  },
  "by_group": {
    "A": {
      "roc_auc": 0.9764705882352942,
      "log_loss": 0.6363977166798811,
      "accuracy": 0.9259259259259259,
      "precision": 0.9120879120879121,
      "recall": 0.9764705882352941,
      "FPR": 0.16,
      "approval_rate": 0.674074074074074
    },
    "B": {
      "roc_auc": 1.0,
      "log_loss": 0.004960035731927475,
      "accuracy": 1.0,
      "precision": 1.0,
      "recall": 1.0,
      "FPR": 0.0,
      "approval_rate": 0.05172413793103448
    }
  },
  "bias_metrics": {
    "SPD": 0.6223499361430396,
    "EOD": -0.02352941176470591,
    "AOD": 0.09176470588235296,
    "PrecisionDiff": -0.08791208791208793
  }
}