{
  "meta": {
    "mode": "static",
    "representation_bias": 0.6,
    "label_bias": 0.5,
    "seed": 42,
    "reweighting_enabled": false,
    "reweighting_mode": "none",
    "manual_group_weights": null,
    "model": "XGBoost",
    "calibration": "Isotonic"
  },
  "overall_metrics": {
    "roc_auc": 0.982402794253328,
    "accuracy": 0.9393694421988682,
    "precision": 0.9746588693957114,
    "recall": 0.8896797153024911,
    "log_loss": 0.21959465097073633
  },
  "by_group": {
    "A": {
      "support": 776,
      "roc_auc": 0.9841654175794612,
      "log_loss": 0.17359148349391568,
      "accuracy": 0.9304123711340206,
      "precision": 0.9837728194726166,
      "recall": 0.9133709981167608,
      "FPR": 0.0326530612244898,
      "approval_rate": 0.6353092783505154
    },
    "B": {
      "support": 461,
      "roc_auc": 0.8798949737434358,
      "log_loss": 0.297031653057532,
      "accuracy": 0.9544468546637744,
      "precision": 0.75,
      "recall": 0.4838709677419355,
      "FPR": 0.011627906976744186,
      "approval_rate": 0.04338394793926247
    }
  },
  "bias_metrics": {
    "SPD": -0.591925330411253,
    "EOD": -0.4295000303748253,
    "AOD": 0.22526259231128545,
    "PrecisionDiff": -0.23377281947261663
  }
}