{
  "meta": {
    "mode": "static",
    "representation_bias": 0.7,
    "label_bias": 0.4,
    "seed": 42,
    "reweighting_enabled": false,
    "reweighting_mode": "none",
    "manual_group_weights": null,
    "model": "XGBoost",
    "calibration": "Isotonic"
  },
  "overall_metrics": {
    "roc_auc": 0.9811645088142784,
    "accuracy": 0.9402744148506861,
    "precision": 0.9377845220030349,
    "recall": 0.9493087557603687,
    "log_loss": 0.194380751409328
  },
  "by_group": {
    "A": {
      "support": 890,
      "roc_auc": 0.9738998736897557,
      "log_loss": 0.20773479768698747,
      "accuracy": 0.9393258426966292,
      "precision": 0.9492868462757528,
      "recall": 0.964573268921095,
      "FPR": 0.11895910780669144,
      "approval_rate": 0.7089887640449438
    },
    "B": {
      "support": 349,
      "roc_auc": 0.946969696969697,
      "log_loss": 0.16032602021415052,
      "accuracy": 0.9426934097421203,
      "precision": 0.6785714285714286,
      "recall": 0.6333333333333333,
      "FPR": 0.02821316614420063,
      "approval_rate": 0.08022922636103152
    }
  },
  "bias_metrics": {
    "SPD": -0.6287595376839124,
    "EOD": -0.33123993558776166,
    "AOD": 0.21099293862512625,
    "PrecisionDiff": -0.27071541770432417
  }
}