{
  "meta": {
    "mode": "static",
    "representation_bias": 0.5,
    "label_bias": 0.4,
    "seed": 42,
    "reweighting_enabled": true,
    "reweighting_mode": "manual",
    "manual_group_weights": {
      "A": 0.5,
      "B": 1.5
    },
    "model": "XGBoost",
    "calibration": "Isotonic"
  },
  "overall_metrics": {
    "roc_auc": 0.9732994278448824,
    "accuracy": 0.9516129032258065,
    "precision": 0.9242424242424242,
    "recall": 0.9384615384615385,
    "log_loss": 0.829843168980338
  },
  "by_group": {
    "A": {
      "roc_auc": 0.9548148148148148,
      "log_loss": 1.4590301994095605,
      "accuracy": 0.9238095238095239,
      "precision": 0.9333333333333333,
      "recall": 0.9333333333333333,
      "FPR": 0.08888888888888889,
      "approval_rate": 0.5714285714285714
    },
    "B": {
      "roc_auc": 1.0,
      "log_loss": 0.014230351757272233,
      "accuracy": 0.9876543209876543,
      "precision": 0.8333333333333334,
      "recall": 1.0,
      "FPR": 0.013157894736842105,
      "approval_rate": 0.07407407407407407
    }
  },
  "bias_metrics": {
    "SPD": 0.4973544973544973,
    "EOD": -0.06666666666666665,
    "AOD": 0.07119883040935672,
    "PrecisionDiff": 0.09999999999999998
  }
}