{
  "meta": {
    "mode": "static",
    "representation_bias": 0.7,
    "label_bias": 0.4,
    "seed": 42,
    "reweighting_enabled": true,
    "reweighting_mode": "auto",
    "manual_group_weights": {
      "A": 1.0,
      "B": 0.9999999999999996
    },
    "model": "XGBoost",
    "calibration": "Isotonic"
  },
  "overall_metrics": {
    "roc_auc": 0.9793371265556914,
    "accuracy": 0.9354317998385795,
    "precision": 0.9358778625954198,
    "recall": 0.9416282642089093,
    "log_loss": 0.18625027708503422
  },
  "by_group": {
    "A": {
      "support": 890,
      "roc_auc": 0.9726487437817647,
      "log_loss": 0.18365570406699308,
      "accuracy": 0.9393258426966292,
      "precision": 0.9579967689822294,
      "recall": 0.9549114331723028,
      "FPR": 0.09665427509293681,
      "approval_rate": 0.6955056179775281
    },
    "B": {
      "support": 349,
      "roc_auc": 0.9386624869383491,
      "log_loss": 0.19286680999637126,
      "accuracy": 0.9255014326647565,
      "precision": 0.5555555555555556,
      "recall": 0.6666666666666666,
      "FPR": 0.050156739811912224,
      "approval_rate": 0.10315186246418338
    }
  },
  "bias_metrics": {
    "SPD": -0.5923537555133447,
    "EOD": -0.28824476650563613,
    "AOD": 0.16737115089333035,
    "PrecisionDiff": -0.4024412134266738
  }
}