{
  "meta": {
    "mode": "static",
    "representation_bias": 0.7,
    "label_bias": 0.5,
    "seed": 42,
    "reweighting_enabled": true,
    "reweighting_mode": "manual",
    "manual_group_weights": {
      "A": 1.5,
      "B": 0.5
    },
    "model": "XGBoost",
    "calibration": "Isotonic"
  },
  "overall_metrics": {
    "roc_auc": 0.9981601731601731,
    "accuracy": 0.9792746113989638,
    "precision": 0.9772727272727273,
    "recall": 0.9772727272727273,
    "log_loss": 0.048151736851712285
  },
  "by_group": {
    "A": {
      "roc_auc": 0.9967058823529411,
      "log_loss": 0.0665554358357391,
      "accuracy": 0.9703703703703703,
      "precision": 0.9764705882352941,
      "recall": 0.9764705882352941,
      "FPR": 0.04,
      "approval_rate": 0.6296296296296297
    },
    "B": {
      "roc_auc": 1.0,
      "log_loss": 0.00531554094061535,
      "accuracy": 1.0,
      "precision": 1.0,
      "recall": 1.0,
      "FPR": 0.0,
      "approval_rate": 0.05172413793103448
    }
  },
  "bias_metrics": {
    "SPD": 0.5779054916985952,
    "EOD": -0.02352941176470591,
    "AOD": 0.03176470588235296,
    "PrecisionDiff": -0.02352941176470591
  }
}