{
  "meta": {
    "mode": "static",
    "representation_bias": 0.5,
    "label_bias": 0.4,
    "seed": 42,
    "reweighting_enabled": false,
    "reweighting_mode": "none",
    "manual_group_weights": null,
    "model": "XGBoost",
    "calibration": "None"
  },
  "overall_metrics": {
    "roc_auc": 0.9794427838249394,
    "accuracy": 0.9262899262899262,
    "precision": 0.9177489177489178,
    "recall": 0.8907563025210085,
    "log_loss": 0.17880923381248187
  },
  "by_group": {
    "A": {
      "support": 616,
      "roc_auc": 0.9664877803945793,
      "log_loss": 0.2107686034075824,
      "accuracy": 0.9090909090909091,
      "precision": 0.9527186761229315,
      "recall": 0.9179954441913439,
      "FPR": 0.11299435028248588,
      "approval_rate": 0.6866883116883117
    },
    "B": {
      "support": 605,
      "roc_auc": 0.9198229920060905,
      "log_loss": 0.1462687847701977,
      "accuracy": 0.943801652892562,
      "precision": 0.5384615384615384,
      "recall": 0.5675675675675675,
      "FPR": 0.03169014084507042,
      "approval_rate": 0.06446280991735537
    }
  },
  "bias_metrics": {
    "SPD": -0.6222255017709564,
    "EOD": -0.3504278766237764,
    "AOD": 0.21586604303059592,
    "PrecisionDiff": -0.41425713766139305
  }
}