{
  "meta": {
    "mode": "static",
    "representation_bias": 0.7,
    "label_bias": 0.6,
    "seed": 42,
    "reweighting_enabled": false,
    "reweighting_mode": "none",
    "manual_group_weights": null,
    "model": "XGBoost",
    "calibration": "None"
  },
  "overall_metrics": {
    "roc_auc": 0.9704518643893933,
    "accuracy": 0.9169329073482428,
    "precision": 0.9149560117302052,
    "recall": 0.9313432835820895,
    "log_loss": 0.21521778756362242
  },
  "by_group": {
    "A": {
      "support": 908,
      "roc_auc": 0.9524243429985215,
      "log_loss": 0.23420871641538105,
      "accuracy": 0.9096916299559471,
      "precision": 0.9347496206373292,
      "recall": 0.9404580152671755,
      "FPR": 0.16996047430830039,
      "approval_rate": 0.7257709251101322
    },
    "B": {
      "support": 344,
      "roc_auc": 0.8966565349544073,
      "log_loss": 0.16509056838514327,
      "accuracy": 0.936046511627907,
      "precision": 0.34782608695652173,
      "recall": 0.5333333333333333,
      "FPR": 0.04559270516717325,
      "approval_rate": 0.06686046511627906
    }
  },
  "bias_metrics": {
    "SPD": -0.6589104599938531,
    "EOD": -0.4071246819338422,
    "AOD": 0.26574622553748467,
    "PrecisionDiff": -0.5869235336808075
  }
}