{
  "meta": {
    "mode": "static",
    "representation_bias": 0.6,
    "label_bias": 0.0,
    "seed": 42,
    "reweighting_enabled": false,
    "reweighting_mode": "none",
    "manual_group_weights": null,
    "model": "XGBoost",
    "calibration": "None"
  },
  "overall_metrics": {
    "roc_auc": 0.9201479494370606,
    "accuracy": 0.7952691680261011,
    "precision": 0.7023121387283237,
    "recall": 0.9152542372881356,
    "log_loss": 0.4479139200454602
  },
  "by_group": {
    "A": {
      "support": 771,
      "roc_auc": 0.9702531645569621,
      "log_loss": 0.22173489562964144,
      "accuracy": 0.9130998702983139,
      "precision": 0.9369369369369369,
      "recall": 0.9142857142857143,
      "FPR": 0.08860759493670886,
      "approval_rate": 0.5758754863813229
    },
    "B": {
      "support": 455,
      "roc_auc": 0.8925496458825163,
      "log_loss": 0.8311755196599573,
      "accuracy": 0.5956043956043956,
      "precision": 0.28225806451612906,
      "recall": 0.9210526315789473,
      "FPR": 0.46965699208443273,
      "approval_rate": 0.545054945054945
    }
  },
  "bias_metrics": {
    "SPD": -0.030820541326377904,
    "EOD": 0.006766917293233088,
    "AOD": 0.1939081572204785,
    "PrecisionDiff": -0.6546788724208079
  }
}