{
  "meta": {
    "mode": "static",
    "representation_bias": 0.7,
    "label_bias": 0.0,
    "seed": 42,
    "reweighting_enabled": false,
    "reweighting_mode": "none",
    "manual_group_weights": null,
    "model": "XGBoost",
    "calibration": "None"
  },
  "overall_metrics": {
    "roc_auc": 0.971494984095914,
    "accuracy": 0.9312169312169312,
    "precision": 0.921875,
    "recall": 0.8805970149253731,
    "log_loss": 0.20222609083283496
  },
  "by_group": {
    "A": {
      "roc_auc": 0.9922885572139304,
      "log_loss": 0.1298624987276991,
      "accuracy": 0.9291338582677166,
      "precision": 0.9636363636363636,
      "recall": 0.8833333333333333,
      "FPR": 0.029850746268656716,
      "approval_rate": 0.4330708661417323
    },
    "B": {
      "roc_auc": 0.8597402597402597,
      "log_loss": 0.35045473917722625,
      "accuracy": 0.9354838709677419,
      "precision": 0.6666666666666666,
      "recall": 0.8571428571428571,
      "FPR": 0.05454545454545454,
      "approval_rate": 0.14516129032258066
    }
  },
  "bias_metrics": {
    "SPD": 0.28790957581915166,
    "EOD": 0.02619047619047621,
    "AOD": 0.02544259223363702,
    "PrecisionDiff": 0.296969696969697
  }
}