{
  "meta": {
    "mode": "static",
    "representation_bias": 0.6,
    "label_bias": 0.0,
    "seed": 42,
    "reweighting_enabled": false,
    "reweighting_mode": "none",
    "manual_group_weights": null,
    "model": "XGBoost",
    "calibration": "Isotonic"
  },
  "overall_metrics": {
    "roc_auc": 0.9799184381308512,
    "accuracy": 0.9290375203915171,
    "precision": 0.9252873563218391,
    "recall": 0.9096045197740112,
    "log_loss": 0.1802658459206449
  },
  "by_group": {
    "A": {
      "support": 771,
      "roc_auc": 0.9741271386841007,
      "log_loss": 0.20531657793249106,
      "accuracy": 0.9169909208819714,
      "precision": 0.9334811529933481,
      "recall": 0.9252747252747253,
      "FPR": 0.0949367088607595,
      "approval_rate": 0.5849546044098574
    },
    "B": {
      "support": 455,
      "roc_auc": 0.9750902652409388,
      "log_loss": 0.13781724288518687,
      "accuracy": 0.9494505494505494,
      "precision": 0.8732394366197183,
      "recall": 0.8157894736842105,
      "FPR": 0.023746701846965697,
      "approval_rate": 0.15604395604395604
    }
  },
  "bias_metrics": {
    "SPD": -0.4289106483659013,
    "EOD": -0.10948525159051481,
    "AOD": 0.0903376293021543,
    "PrecisionDiff": -0.06024171637362985
  }
}