{
  "meta": {
    "mode": "static",
    "representation_bias": 0.5,
    "label_bias": 0.4,
    "seed": 42,
    "reweighting_enabled": true,
    "reweighting_mode": "auto",
    "manual_group_weights": {
      "A": 1.0000000000000002,
      "B": 0.9999999999999998
    },
    "model": "XGBoost",
    "calibration": "Isotonic"
  },
  "overall_metrics": {
    "roc_auc": 0.9743711578591169,
    "accuracy": 0.9254709254709255,
    "precision": 0.8873239436619719,
    "recall": 0.9264705882352942,
    "log_loss": 0.33878699247120075
  },
  "by_group": {
    "A": {
      "support": 616,
      "roc_auc": 0.9635921392996409,
      "log_loss": 0.3563934259468867,
      "accuracy": 0.922077922077922,
      "precision": 0.9433106575963719,
      "recall": 0.9476082004555809,
      "FPR": 0.14124293785310735,
      "approval_rate": 0.7159090909090909
    },
    "B": {
      "support": 605,
      "roc_auc": 0.8867767415302626,
      "log_loss": 0.32086044202322966,
      "accuracy": 0.9289256198347108,
      "precision": 0.44642857142857145,
      "recall": 0.6756756756756757,
      "FPR": 0.05457746478873239,
      "approval_rate": 0.09256198347107437
    }
  },
  "bias_metrics": {
    "SPD": -0.6233471074380166,
    "EOD": -0.27193252477990526,
    "AOD": 0.1792989989221401,
    "PrecisionDiff": -0.49688208616780044
  }
}