{
  "meta": {
    "mode": "static",
    "representation_bias": 0.7,
    "label_bias": 0.6,
    "seed": 42,
    "reweighting_enabled": true,
    "reweighting_mode": "manual",
    "manual_group_weights": {
      "A": 1.5,
      "B": 0.5
    },
    "model": "XGBoost",
    "calibration": "Isotonic"
  },
  "overall_metrics": {
    "roc_auc": 0.9750000000000001,
    "accuracy": 0.9278350515463918,
    "precision": 0.8877551020408163,
    "recall": 0.9666666666666667,
    "log_loss": 0.8034478183742436
  },
  "by_group": {
    "A": {
      "roc_auc": 0.9829734219269104,
      "log_loss": 0.5578961947006144,
      "accuracy": 0.9436619718309859,
      "precision": 0.9239130434782609,
      "recall": 0.9883720930232558,
      "FPR": 0.125,
      "approval_rate": 0.647887323943662
    },
    "B": {
      "roc_auc": 0.71875,
      "log_loss": 1.473992636867616,
      "accuracy": 0.8846153846153846,
      "precision": 0.3333333333333333,
      "recall": 0.5,
      "FPR": 0.08333333333333333,
      "approval_rate": 0.11538461538461539
    }
  },
  "bias_metrics": {
    "SPD": 0.5325027085590466,
    "EOD": 0.4883720930232558,
    "AOD": 0.2650193798449612,
    "PrecisionDiff": 0.5905797101449275
  }
}