{
  "meta": {
    "mode": "static",
    "representation_bias": 0.8,
    "label_bias": 0.5,
    "seed": 42,
    "reweighting_enabled": false,
    "reweighting_mode": "none",
    "manual_group_weights": null,
    "model": "XGBoost",
    "calibration": "None"
  },
  "overall_metrics": {
    "roc_auc": 0.8849651304063927,
    "accuracy": 0.8283642224012893,
    "precision": 0.7894144144144144,
    "recall": 0.9642365887207703,
    "log_loss": 0.5359550728980365
  },
  "by_group": {
    "A": {
      "support": 1007,
      "roc_auc": 0.9720773775674452,
      "log_loss": 0.17712214556516123,
      "accuracy": 0.9394240317775571,
      "precision": 0.9506172839506173,
      "recall": 0.9651810584958217,
      "FPR": 0.1245674740484429,
      "approval_rate": 0.7239324726911619
    },
    "B": {
      "support": 234,
      "roc_auc": 0.6098765432098766,
      "log_loss": 2.0801634396681443,
      "accuracy": 0.3504273504273504,
      "precision": 0.050314465408805034,
      "recall": 0.8888888888888888,
      "FPR": 0.6711111111111111,
      "approval_rate": 0.6794871794871795
    }
  },
  "bias_metrics": {
    "SPD": -0.04444529320398238,
    "EOD": -0.07629216960693286,
    "AOD": 0.3114179033348005,
    "PrecisionDiff": -0.9003028185418123
  }
}