{
  "meta": {
    "mode": "static",
    "representation_bias": 0.5,
    "label_bias": 0.4,
    "seed": 42,
    "reweighting_enabled": false,
    "reweighting_mode": "none",
    "manual_group_weights": null,
    "model": "XGBoost",
    "calibration": "None"
  },
  "overall_metrics": {
    "roc_auc": 0.9907183725365544,
    "accuracy": 0.956989247311828,
    "precision": 0.9523809523809523,
    "recall": 0.9230769230769231,
    "log_loss": 0.10203918456936652
  },
  "by_group": {
    "A": {
      "roc_auc": 0.9866666666666666,
      "log_loss": 0.1530999427879445,
      "accuracy": 0.9238095238095239,
      "precision": 0.9482758620689655,
      "recall": 0.9166666666666666,
      "FPR": 0.06666666666666667,
      "approval_rate": 0.5523809523809524
    },
    "B": {
      "roc_auc": 1.0,
      "log_loss": 0.03584931280454317,
      "accuracy": 1.0,
      "precision": 1.0,
      "recall": 1.0,
      "FPR": 0.0,
      "approval_rate": 0.06172839506172839
    }
  },
  "bias_metrics": {
    "SPD": 0.490652557319224,
    "EOD": -0.08333333333333337,
    "AOD": 0.07500000000000001,
    "PrecisionDiff": -0.051724137931034475
  }
}