{
  "meta": {
    "mode": "static",
    "representation_bias": 0.7,
    "label_bias": 0.6,
    "seed": 42,
    "reweighting_enabled": false,
    "reweighting_mode": "none",
    "manual_group_weights": null,
    "model": "XGBoost",
    "calibration": "None"
  },
  "overall_metrics": {
    "roc_auc": 0.9961538461538463,
    "accuracy": 0.9690721649484536,
    "precision": 0.9666666666666667,
    "recall": 0.9666666666666667,
    "log_loss": 0.08749161528305771
  },
  "by_group": {
    "A": {
      "roc_auc": 0.997093023255814,
      "log_loss": 0.08606672385070069,
      "accuracy": 0.9647887323943662,
      "precision": 0.9655172413793104,
      "recall": 0.9767441860465116,
      "FPR": 0.05357142857142857,
      "approval_rate": 0.6126760563380281
    },
    "B": {
      "roc_auc": 0.9791666666666666,
      "log_loss": 0.09138266496372502,
      "accuracy": 0.9807692307692307,
      "precision": 1.0,
      "recall": 0.75,
      "FPR": 0.0,
      "approval_rate": 0.057692307692307696
    }
  },
  "bias_metrics": {
    "SPD": 0.5549837486457204,
    "EOD": 0.2267441860465116,
    "AOD": 0.14015780730897007,
    "PrecisionDiff": -0.03448275862068961
  }
}