{
  "meta": {
    "mode": "static",
    "representation_bias": 0.7,
    "label_bias": 0.5,
    "seed": 42,
    "reweighting_enabled": true,
    "reweighting_mode": "auto",
    "manual_group_weights": {
      "A": 1.0,
      "B": 1.0
    },
    "model": "XGBoost",
    "calibration": "Isotonic"
  },
  "overall_metrics": {
    "roc_auc": 0.9827922077922078,
    "accuracy": 0.9689119170984456,
    "precision": 0.9767441860465116,
    "recall": 0.9545454545454546,
    "log_loss": 0.6001436728489934
  },
  "by_group": {
    "A": {
      "roc_auc": 0.9861176470588235,
      "log_loss": 0.5909931516351005,
      "accuracy": 0.9629629629629629,
      "precision": 0.9878048780487805,
      "recall": 0.9529411764705882,
      "FPR": 0.02,
      "approval_rate": 0.6074074074074074
    },
    "B": {
      "roc_auc": 0.9909090909090909,
      "log_loss": 0.6214422998123649,
      "accuracy": 0.9827586206896551,
      "precision": 0.75,
      "recall": 1.0,
      "FPR": 0.01818181818181818,
      "approval_rate": 0.06896551724137931
    }
  },
  "bias_metrics": {
    "SPD": 0.5384418901660281,
    "EOD": -0.04705882352941182,
    "AOD": 0.024438502673796818,
    "PrecisionDiff": 0.23780487804878048
  }
}