{
  "meta": {
    "mode": "static",
    "representation_bias": 0.6,
    "label_bias": 0.4,
    "seed": 42,
    "reweighting_enabled": true,
    "reweighting_mode": "auto",
    "manual_group_weights": {
      "A": 1.0,
      "B": 1.0000000000000002
    },
    "model": "XGBoost",
    "calibration": "Isotonic"
  },
  "overall_metrics": {
    "roc_auc": 0.9720684966162798,
    "accuracy": 0.9238249594813615,
    "precision": 0.9192439862542955,
    "recall": 0.9192439862542955,
    "log_loss": 0.3733835288949747
  },
  "by_group": {
    "A": {
      "support": 771,
      "roc_auc": 0.9592352033774458,
      "log_loss": 0.4259419278160837,
      "accuracy": 0.9247730220492867,
      "precision": 0.9484346224677717,
      "recall": 0.944954128440367,
      "FPR": 0.12389380530973451,
      "approval_rate": 0.7042801556420234
    },
    "B": {
      "support": 463,
      "roc_auc": 0.9068011673645477,
      "log_loss": 0.28586187539999613,
      "accuracy": 0.9222462203023758,
      "precision": 0.5128205128205128,
      "recall": 0.5405405405405406,
      "FPR": 0.04460093896713615,
      "approval_rate": 0.08423326133909287
    }
  },
  "bias_metrics": {
    "SPD": -0.6200468943029305,
    "EOD": -0.4044135878998264,
    "AOD": 0.24185322712121238,
    "PrecisionDiff": -0.4356141096472589
  }
}