{
  "meta": {
    "mode": "static",
    "representation_bias": 0.8,
    "label_bias": 0.0,
    "seed": 42,
    "reweighting_enabled": true,
    "reweighting_mode": "auto",
    "manual_group_weights": {
      "A": 1.0000000000000002,
      "B": 1.0000000000000002
    },
    "model": "XGBoost",
    "calibration": "Isotonic"
  },
  "overall_metrics": {
    "roc_auc": 0.9679019132643185,
    "accuracy": 0.9237560192616372,
    "precision": 0.9355345911949685,
    "recall": 0.9167950693374423,
    "log_loss": 0.4667780294636571
  },
  "by_group": {
    "A": {
      "support": 1030,
      "roc_auc": 0.963467185221196,
      "log_loss": 0.4973801326850344,
      "accuracy": 0.920388349514563,
      "precision": 0.9394957983193277,
      "recall": 0.9239669421487603,
      "FPR": 0.08470588235294117,
      "approval_rate": 0.5776699029126213
    },
    "B": {
      "support": 216,
      "roc_auc": 0.9602272727272727,
      "log_loss": 0.32085133354690454,
      "accuracy": 0.9398148148148148,
      "precision": 0.8780487804878049,
      "recall": 0.8181818181818182,
      "FPR": 0.029069767441860465,
      "approval_rate": 0.18981481481481483
    }
  },
  "bias_metrics": {
    "SPD": -0.3878550880978065,
    "EOD": -0.10578512396694206,
    "AOD": 0.0807106194390114,
    "PrecisionDiff": -0.06144701783152284
  }
}