{
  "meta": {
    "mode": "static",
    "representation_bias": 0.6,
    "label_bias": 0.6,
    "seed": 42,
    "reweighting_enabled": false,
    "reweighting_mode": "none",
    "manual_group_weights": null,
    "model": "XGBoost",
    "calibration": "Isotonic"
  },
  "overall_metrics": {
    "roc_auc": 0.9992431299487657,
    "accuracy": 0.9788359788359788,
    "precision": 1.0,
    "recall": 0.9473684210526315,
    "log_loss": 0.09323292469528208
  },
  "by_group": {
    "A": {
      "roc_auc": 1.0,
      "log_loss": 0.11639939105600318,
      "accuracy": 0.9823008849557522,
      "precision": 1.0,
      "recall": 0.972972972972973,
      "FPR": 0.0,
      "approval_rate": 0.6371681415929203
    },
    "B": {
      "roc_auc": 0.9695945945945946,
      "log_loss": 0.058788047079999385,
      "accuracy": 0.9736842105263158,
      "precision": 0.0,
      "recall": 0.0,
      "FPR": 0.0,
      "approval_rate": 0.0
    }
  },
  "bias_metrics": {
    "SPD": 0.6371681415929203,
    "EOD": 0.972972972972973,
    "AOD": 0.4864864864864865,
    "PrecisionDiff": 1.0
  }
}