{
  "meta": {
    "mode": "static",
    "representation_bias": 0.7,
    "label_bias": 0.4,
    "seed": 42,
    "reweighting_enabled": true,
    "reweighting_mode": "manual",
    "manual_group_weights": {
      "A": 0.5,
      "B": 1.5
    },
    "model": "XGBoost",
    "calibration": "Isotonic"
  },
  "overall_metrics": {
    "roc_auc": 0.9994091739177141,
    "accuracy": 0.9845360824742269,
    "precision": 1.0,
    "recall": 0.9655172413793104,
    "log_loss": 0.039184047205628895
  },
  "by_group": {
    "A": {
      "roc_auc": 1.0,
      "log_loss": 0.03154037855643148,
      "accuracy": 0.9849624060150376,
      "precision": 1.0,
      "recall": 0.9759036144578314,
      "FPR": 0.0,
      "approval_rate": 0.6090225563909775
    },
    "B": {
      "roc_auc": 0.986842105263158,
      "log_loss": 0.055849750981747846,
      "accuracy": 0.9836065573770492,
      "precision": 1.0,
      "recall": 0.75,
      "FPR": 0.0,
      "approval_rate": 0.04918032786885246
    }
  },
  "bias_metrics": {
    "SPD": 0.559842228522125,
    "EOD": 0.22590361445783136,
    "AOD": 0.11295180722891568,
    "PrecisionDiff": 0.0
  }
}