{
  "meta": {
    "mode": "static",
    "representation_bias": 0.6,
    "label_bias": 0.5,
    "seed": 42,
    "reweighting_enabled": false,
    "reweighting_mode": "none",
    "manual_group_weights": null,
    "model": "XGBoost",
    "calibration": "Isotonic"
  },
  "overall_metrics": {
    "roc_auc": 0.9595402298850575,
    "accuracy": 0.9581151832460733,
    "precision": 1.0,
    "recall": 0.8933333333333333,
    "log_loss": 1.148283723190547
  },
  "by_group": {
    "A": {
      "roc_auc": 0.9630662020905923,
      "log_loss": 1.651157997660156,
      "accuracy": 0.9369369369369369,
      "precision": 1.0,
      "recall": 0.9,
      "FPR": 0.0,
      "approval_rate": 0.5675675675675675
    },
    "B": {
      "roc_auc": 0.9,
      "log_loss": 0.4505456673639646,
      "accuracy": 0.9875,
      "precision": 1.0,
      "recall": 0.8,
      "FPR": 0.0,
      "approval_rate": 0.05
    }
  },
  "bias_metrics": {
    "SPD": 0.5175675675675675,
    "EOD": 0.09999999999999998,
    "AOD": 0.04999999999999999,
    "PrecisionDiff": 0.0
  }
}