{
  "meta": {
    "mode": "static",
    "representation_bias": 0.8,
    "label_bias": 0.5,
    "seed": 42,
    "reweighting_enabled": false,
    "reweighting_mode": "none",
    "manual_group_weights": null,
    "model": "XGBoost",
    "calibration": "None"
  },
  "overall_metrics": {
    "roc_auc": 0.9879787234042553,
    "accuracy": 0.8144329896907216,
    "precision": 0.7424242424242424,
    "recall": 0.98,
    "log_loss": 0.2272287540437093
  },
  "by_group": {
    "A": {
      "roc_auc": 0.9946056547619048,
      "log_loss": 0.0874992879087039,
      "accuracy": 0.9605263157894737,
      "precision": 0.9591836734693877,
      "recall": 0.9791666666666666,
      "FPR": 0.07142857142857142,
      "approval_rate": 0.6447368421052632
    },
    "B": {
      "roc_auc": 0.986842105263158,
      "log_loss": 0.7329163457703957,
      "accuracy": 0.2857142857142857,
      "precision": 0.11764705882352941,
      "recall": 1.0,
      "FPR": 0.7894736842105263,
      "approval_rate": 0.8095238095238095
    }
  },
  "bias_metrics": {
    "SPD": -0.16478696741854637,
    "EOD": -0.02083333333333337,
    "AOD": 0.36943922305764415,
    "PrecisionDiff": 0.8415366146458583
  }
}