{
  "meta": {
    "mode": "static",
    "representation_bias": 0.8,
    "label_bias": 0.6,
    "seed": 42,
    "reweighting_enabled": true,
    "reweighting_mode": "manual",
    "manual_group_weights": {
      "A": 0.5,
      "B": 1.5
    },
    "model": "XGBoost",
    "calibration": "Isotonic"
  },
  "overall_metrics": {
    "roc_auc": 0.9717919186102313,
    "accuracy": 0.9264943457189014,
    "precision": 0.9300518134715026,
    "recall": 0.9509933774834437,
    "log_loss": 0.2073447367766195
  },
  "by_group": {
    "A": {
      "support": 1016,
      "roc_auc": 0.9629984051036683,
      "log_loss": 0.19893350949064298,
      "accuracy": 0.9301181102362205,
      "precision": 0.9431216931216931,
      "recall": 0.9622132253711201,
      "FPR": 0.15636363636363637,
      "approval_rate": 0.7440944881889764
    },
    "B": {
      "support": 222,
      "roc_auc": 0.8319024725274725,
      "log_loss": 0.24583936255388117,
      "accuracy": 0.9099099099099099,
      "precision": 0.3125,
      "recall": 0.35714285714285715,
      "FPR": 0.052884615384615384,
      "approval_rate": 0.07207207207207207
    }
  },
  "bias_metrics": {
    "SPD": -0.6720224161169043,
    "EOD": -0.605070368228263,
    "AOD": 0.35427469460364197,
    "PrecisionDiff": -0.6306216931216931
  }
}