{
  "meta": {
    "mode": "static",
    "representation_bias": 0.7,
    "label_bias": 0.5,
    "seed": 42,
    "reweighting_enabled": false,
    "reweighting_mode": "none",
    "manual_group_weights": null,
    "model": "XGBoost",
    "calibration": "None"
  },
  "overall_metrics": {
    "roc_auc": 0.978890696413355,
    "accuracy": 0.9358460304731355,
    "precision": 0.9292035398230089,
    "recall": 0.9516616314199395,
    "log_loss": 0.1883567288977509
  },
  "by_group": {
    "A": {
      "support": 887,
      "roc_auc": 0.9717342558780191,
      "log_loss": 0.17508572238297462,
      "accuracy": 0.939120631341601,
      "precision": 0.9553158705701078,
      "recall": 0.9612403100775194,
      "FPR": 0.11983471074380166,
      "approval_rate": 0.7316798196166855
    },
    "B": {
      "support": 360,
      "roc_auc": 0.861087292059681,
      "log_loss": 0.2210550143938802,
      "accuracy": 0.9277777777777778,
      "precision": 0.3448275862068966,
      "recall": 0.5882352941176471,
      "FPR": 0.05539358600583091,
      "approval_rate": 0.08055555555555556
    }
  },
  "bias_metrics": {
    "SPD": -0.6511242640611299,
    "EOD": -0.37300501595987234,
    "AOD": 0.21872307034892155,
    "PrecisionDiff": -0.6104882843632112
  }
}