{
  "meta": {
    "mode": "static",
    "representation_bias": 0.8,
    "label_bias": 0.0,
    "seed": 42,
    "reweighting_enabled": true,
    "reweighting_mode": "auto",
    "manual_group_weights": {
      "A": 1.0000000000000002,
      "B": 1.0000000000000004
    },
    "model": "XGBoost",
    "calibration": "Isotonic"
  },
  "overall_metrics": {
    "roc_auc": 0.986700913242009,
    "accuracy": 0.9430051813471503,
    "precision": 0.9078947368421053,
    "recall": 0.9452054794520548,
    "log_loss": 0.28117222693463023
  },
  "by_group": {
    "A": {
      "roc_auc": 0.9977904040404041,
      "log_loss": 0.0672872184797815,
      "accuracy": 0.9629629629629629,
      "precision": 0.9285714285714286,
      "recall": 0.9848484848484849,
      "FPR": 0.052083333333333336,
      "approval_rate": 0.43209876543209874
    },
    "B": {
      "roc_auc": 0.8630952380952381,
      "log_loss": 1.3988938840212588,
      "accuracy": 0.8387096774193549,
      "precision": 0.6666666666666666,
      "recall": 0.5714285714285714,
      "FPR": 0.08333333333333333,
      "approval_rate": 0.1935483870967742
    }
  },
  "bias_metrics": {
    "SPD": 0.23855037833532455,
    "EOD": 0.41341991341991347,
    "AOD": 0.22233495670995673,
    "PrecisionDiff": 0.261904761904762
  }
}