{
  "meta": {
    "mode": "static",
    "representation_bias": 0.6,
    "label_bias": 0.4,
    "seed": 42,
    "reweighting_enabled": false,
    "reweighting_mode": "none",
    "manual_group_weights": null,
    "model": "XGBoost",
    "calibration": "None"
  },
  "overall_metrics": {
    "roc_auc": 0.835246558303291,
    "accuracy": 0.6985413290113452,
    "precision": 0.6174496644295302,
    "recall": 0.9484536082474226,
    "log_loss": 0.832604827760655
  },
  "by_group": {
    "A": {
      "support": 771,
      "roc_auc": 0.9581959892831047,
      "log_loss": 0.2190985855667458,
      "accuracy": 0.9169909208819714,
      "precision": 0.9349005424954792,
      "recall": 0.9486238532110092,
      "FPR": 0.1592920353982301,
      "approval_rate": 0.7172503242542153
    },
    "B": {
      "support": 463,
      "roc_auc": 0.7646237787082858,
      "log_loss": 1.8542318530986768,
      "accuracy": 0.3347732181425486,
      "precision": 0.10263929618768329,
      "recall": 0.9459459459459459,
      "FPR": 0.7183098591549296,
      "approval_rate": 0.7365010799136069
    }
  },
  "bias_metrics": {
    "SPD": 0.019250755659391605,
    "EOD": -0.0026779072650632285,
    "AOD": 0.28084786551088137,
    "PrecisionDiff": -0.8322612463077959
  }
}