{
  "meta": {
    "mode": "static",
    "representation_bias": 0.7,
    "label_bias": 0.4,
    "seed": 42,
    "reweighting_enabled": true,
    "reweighting_mode": "auto",
    "manual_group_weights": {
      "A": 0.9999999999999999,
      "B": 1.0
    },
    "model": "XGBoost",
    "calibration": "Isotonic"
  },
  "overall_metrics": {
    "roc_auc": 0.998872059297454,
    "accuracy": 0.9845360824742269,
    "precision": 0.9883720930232558,
    "recall": 0.9770114942528736,
    "log_loss": 0.051413185287632765
  },
  "by_group": {
    "A": {
      "roc_auc": 1.0,
      "log_loss": 0.03081577333162896,
      "accuracy": 0.9924812030075187,
      "precision": 1.0,
      "recall": 0.9879518072289156,
      "FPR": 0.0,
      "approval_rate": 0.6165413533834586
    },
    "B": {
      "roc_auc": 0.9846491228070174,
      "log_loss": 0.09632229660154269,
      "accuracy": 0.9672131147540983,
      "precision": 0.75,
      "recall": 0.75,
      "FPR": 0.017543859649122806,
      "approval_rate": 0.06557377049180328
    }
  },
  "bias_metrics": {
    "SPD": 0.5509675828916554,
    "EOD": 0.23795180722891562,
    "AOD": 0.12774783343901921,
    "PrecisionDiff": 0.25
  }
}