{
  "meta": {
    "mode": "static",
    "representation_bias": 0.6,
    "label_bias": 0.4,
    "seed": 42,
    "reweighting_enabled": false,
    "reweighting_mode": "none",
    "manual_group_weights": null,
    "model": "XGBoost",
    "calibration": "Isotonic"
  },
  "overall_metrics": {
    "roc_auc": 0.9745891573377184,
    "accuracy": 0.9165316045380876,
    "precision": 0.949343339587242,
    "recall": 0.8694158075601375,
    "log_loss": 0.2730263796989805
  },
  "by_group": {
    "A": {
      "support": 771,
      "roc_auc": 0.9565032069497442,
      "log_loss": 0.3341612223308994,
      "accuracy": 0.9040207522697795,
      "precision": 0.9572815533980582,
      "recall": 0.9045871559633027,
      "FPR": 0.09734513274336283,
      "approval_rate": 0.6679636835278858
    },
    "B": {
      "support": 463,
      "roc_auc": 0.9274520999873113,
      "log_loss": 0.1712230024436685,
      "accuracy": 0.937365010799136,
      "precision": 0.7222222222222222,
      "recall": 0.35135135135135137,
      "FPR": 0.011737089201877934,
      "approval_rate": 0.038876889848812095
    }
  },
  "bias_metrics": {
    "SPD": -0.6290867936790737,
    "EOD": -0.5532358046119514,
    "AOD": 0.31942192407671816,
    "PrecisionDiff": -0.235059331175836
  }
}