{
  "meta": {
    "mode": "static",
    "representation_bias": 0.8,
    "label_bias": 0.6,
    "seed": 42,
    "reweighting_enabled": false,
    "reweighting_mode": "none",
    "manual_group_weights": null,
    "model": "XGBoost",
    "calibration": "None"
  },
  "overall_metrics": {
    "roc_auc": 0.9720702562625971,
    "accuracy": 0.9159935379644588,
    "precision": 0.9146496815286624,
    "recall": 0.9509933774834437,
    "log_loss": 0.2037657688957204
  },
  "by_group": {
    "A": {
      "support": 1016,
      "roc_auc": 0.9668899521531099,
      "log_loss": 0.18831470459098132,
      "accuracy": 0.9251968503937008,
      "precision": 0.9380764163372859,
      "recall": 0.9608636977058029,
      "FPR": 0.1709090909090909,
      "approval_rate": 0.7470472440944882
    },
    "B": {
      "support": 222,
      "roc_auc": 0.8337912087912087,
      "log_loss": 0.2744787478759679,
      "accuracy": 0.8738738738738738,
      "precision": 0.23076923076923078,
      "recall": 0.42857142857142855,
      "FPR": 0.09615384615384616,
      "approval_rate": 0.11711711711711711
    }
  },
  "bias_metrics": {
    "SPD": -0.629930126977371,
    "EOD": -0.5322922691343743,
    "AOD": 0.30352375694480954,
    "PrecisionDiff": -0.707307185568055
  }
}