{
  "meta": {
    "mode": "static",
    "representation_bias": 0.8,
    "label_bias": 0.5,
    "seed": 42,
    "reweighting_enabled": true,
    "reweighting_mode": "manual",
    "manual_group_weights": {
      "A": 0.5,
      "B": 1.5
    },
    "model": "XGBoost",
    "calibration": "Isotonic"
  },
  "overall_metrics": {
    "roc_auc": 0.9750587404128688,
    "accuracy": 0.9387590652699436,
    "precision": 0.952712100139082,
    "recall": 0.9422283356258597,
    "log_loss": 0.20542503502913192
  },
  "by_group": {
    "A": {
      "support": 1007,
      "roc_auc": 0.9648653988877216,
      "log_loss": 0.1872720031788432,
      "accuracy": 0.9354518371400199,
      "precision": 0.9579242636746143,
      "recall": 0.9512534818941504,
      "FPR": 0.10380622837370242,
      "approval_rate": 0.7080436941410129
    },
    "B": {
      "support": 234,
      "roc_auc": 0.8506172839506174,
      "log_loss": 0.28354513363272477,
      "accuracy": 0.9529914529914529,
      "precision": 0.3333333333333333,
      "recall": 0.2222222222222222,
      "FPR": 0.017777777777777778,
      "approval_rate": 0.02564102564102564
    }
  },
  "bias_metrics": {
    "SPD": -0.6824026684999872,
    "EOD": -0.7290312596719282,
    "AOD": 0.4075298551339264,
    "PrecisionDiff": -0.6245909303412809
  }
}