{
  "meta": {
    "mode": "static",
    "representation_bias": 0.5,
    "label_bias": 0.6,
    "seed": 42,
    "reweighting_enabled": true,
    "reweighting_mode": "manual",
    "manual_group_weights": {
      "A": 0.5,
      "B": 1.5
    },
    "model": "XGBoost",
    "calibration": "Isotonic"
  },
  "overall_metrics": {
    "roc_auc": 0.9748045462569113,
    "accuracy": 0.920164609053498,
    "precision": 0.9142857142857143,
    "recall": 0.8776371308016878,
    "log_loss": 0.25254061426010044
  },
  "by_group": {
    "A": {
      "support": 618,
      "roc_auc": 0.9479652065858962,
      "log_loss": 0.3652564347153527,
      "accuracy": 0.889967637540453,
      "precision": 0.9292237442922374,
      "recall": 0.9166666666666666,
      "FPR": 0.1781609195402299,
      "approval_rate": 0.7087378640776699
    },
    "B": {
      "support": 597,
      "roc_auc": 0.8940623162845385,
      "log_loss": 0.13585991569838193,
      "accuracy": 0.9514237855946399,
      "precision": 0.5294117647058824,
      "recall": 0.3,
      "FPR": 0.014109347442680775,
      "approval_rate": 0.02847571189279732
    }
  },
  "bias_metrics": {
    "SPD": -0.6802621521848726,
    "EOD": -0.6166666666666667,
    "AOD": 0.3903591193821079,
    "PrecisionDiff": -0.39981197958635506
  }
}