{
  "meta": {
    "mode": "static",
    "representation_bias": 0.6,
    "label_bias": 0.0,
    "seed": 42,
    "reweighting_enabled": true,
    "reweighting_mode": "manual",
    "manual_group_weights": {
      "A": 1.5,
      "B": 0.5
    },
    "model": "XGBoost",
    "calibration": "Isotonic"
  },
  "overall_metrics": {
    "roc_auc": 0.9786665582788007,
    "accuracy": 0.933115823817292,
    "precision": 0.9104204753199269,
    "recall": 0.9378531073446328,
    "log_loss": 0.18366310577809183
  },
  "by_group": {
    "A": {
      "support": 771,
      "roc_auc": 0.9752016970371401,
      "log_loss": 0.19463876224439122,
      "accuracy": 0.933852140077821,
      "precision": 0.9334763948497854,
      "recall": 0.9560439560439561,
      "FPR": 0.0981012658227848,
      "approval_rate": 0.6044098573281452
    },
    "B": {
      "support": 455,
      "roc_auc": 0.9667060130537426,
      "log_loss": 0.16506479559014284,
      "accuracy": 0.9318681318681319,
      "precision": 0.7777777777777778,
      "recall": 0.8289473684210527,
      "FPR": 0.047493403693931395,
      "approval_rate": 0.17802197802197803
    }
  },
  "bias_metrics": {
    "SPD": -0.4263878793061672,
    "EOD": -0.12709658762290343,
    "AOD": 0.08885222487587842,
    "PrecisionDiff": -0.1556986170720076
  }
}