{
  "meta": {
    "mode": "static",
    "representation_bias": 0.8,
    "label_bias": 0.4,
    "seed": 42,
    "reweighting_enabled": true,
    "reweighting_mode": "manual",
    "manual_group_weights": {
      "A": 1.5,
      "B": 0.5
    },
    "model": "XGBoost",
    "calibration": "Isotonic"
  },
  "overall_metrics": {
    "roc_auc": 0.9820789899234648,
    "accuracy": 0.9464428457234213,
    "precision": 0.9599447513812155,
    "recall": 0.9481582537517054,
    "log_loss": 0.18114526459310362
  },
  "by_group": {
    "A": {
      "support": 1017,
      "roc_auc": 0.9788734034525484,
      "log_loss": 0.14985467991967982,
      "accuracy": 0.9498525073746312,
      "precision": 0.9717114568599717,
      "recall": 0.9568245125348189,
      "FPR": 0.06688963210702341,
      "approval_rate": 0.6951819075712881
    },
    "B": {
      "support": 234,
      "roc_auc": 0.8986301369863013,
      "log_loss": 0.3171389595199071,
      "accuracy": 0.9316239316239316,
      "precision": 0.47058823529411764,
      "recall": 0.5333333333333333,
      "FPR": 0.0410958904109589,
      "approval_rate": 0.07264957264957266
    }
  },
  "bias_metrics": {
    "SPD": -0.6225323349217154,
    "EOD": -0.4234911792014856,
    "AOD": 0.22464246044877506,
    "PrecisionDiff": -0.5011232215658541
  }
}