{
  "meta": {
    "mode": "static",
    "representation_bias": 0.5,
    "label_bias": 0.6,
    "seed": 42,
    "reweighting_enabled": true,
    "reweighting_mode": "manual",
    "manual_group_weights": {
      "A": 0.5,
      "B": 1.5
    },
    "model": "XGBoost",
    "calibration": "Isotonic"
  },
  "overall_metrics": {
    "roc_auc": 0.9823630136986301,
    "accuracy": 0.9533678756476683,
    "precision": 1.0,
    "recall": 0.8767123287671232,
    "log_loss": 0.2957884962429165
  },
  "by_group": {
    "A": {
      "roc_auc": 0.9789402173913044,
      "log_loss": 0.5030653904316086,
      "accuracy": 0.9306930693069307,
      "precision": 1.0,
      "recall": 0.8985507246376812,
      "FPR": 0.0,
      "approval_rate": 0.6138613861386139
    },
    "B": {
      "roc_auc": 0.9644886363636365,
      "log_loss": 0.06823451457924352,
      "accuracy": 0.9782608695652174,
      "precision": 1.0,
      "recall": 0.5,
      "FPR": 0.0,
      "approval_rate": 0.021739130434782608
    }
  },
  "bias_metrics": {
    "SPD": 0.5921222557038313,
    "EOD": 0.39855072463768115,
    "AOD": 0.19927536231884058,
    "PrecisionDiff": 0.0
  }
}