{
  "meta": {
    "mode": "static",
    "representation_bias": 0.7,
    "label_bias": 0.0,
    "seed": 42,
    "reweighting_enabled": true,
    "reweighting_mode": "auto",
    "manual_group_weights": {
      "A": 1.0,
      "B": 0.9999999999999998
    },
    "model": "XGBoost",
    "calibration": "Isotonic"
  },
  "overall_metrics": {
    "roc_auc": 0.9916809395644728,
    "accuracy": 0.9417989417989417,
    "precision": 0.8783783783783784,
    "recall": 0.9701492537313433,
    "log_loss": 0.11314347983830018
  },
  "by_group": {
    "A": {
      "roc_auc": 0.9944029850746269,
      "log_loss": 0.0911037114901593,
      "accuracy": 0.9606299212598425,
      "precision": 0.9365079365079365,
      "recall": 0.9833333333333333,
      "FPR": 0.05970149253731343,
      "approval_rate": 0.49606299212598426
    },
    "B": {
      "roc_auc": 0.9701298701298702,
      "log_loss": 0.15828945693852423,
      "accuracy": 0.9032258064516129,
      "precision": 0.5454545454545454,
      "recall": 0.8571428571428571,
      "FPR": 0.09090909090909091,
      "approval_rate": 0.1774193548387097
    }
  },
  "bias_metrics": {
    "SPD": 0.3186436372872746,
    "EOD": 0.1261904761904762,
    "AOD": 0.07869903728112683,
    "PrecisionDiff": 0.3910533910533911
  }
}