{
  "meta": {
    "mode": "static",
    "representation_bias": 0.8,
    "label_bias": 0.6,
    "seed": 42,
    "reweighting_enabled": true,
    "reweighting_mode": "manual",
    "manual_group_weights": {
      "A": 1.5,
      "B": 0.5
    },
    "model": "XGBoost",
    "calibration": "Isotonic"
  },
  "overall_metrics": {
    "roc_auc": 0.9894340789609318,
    "accuracy": 0.9848484848484849,
    "precision": 0.9818181818181818,
    "recall": 0.9908256880733946,
    "log_loss": 0.37837571001167586
  },
  "by_group": {
    "A": {
      "roc_auc": 0.9849310094408135,
      "log_loss": 0.471184846429634,
      "accuracy": 0.9811320754716981,
      "precision": 0.981651376146789,
      "recall": 0.9907407407407407,
      "FPR": 0.0392156862745098,
      "approval_rate": 0.6855345911949685
    },
    "B": {
      "roc_auc": 1.0,
      "log_loss": 2.2204460492503136e-16,
      "accuracy": 1.0,
      "precision": 1.0,
      "recall": 1.0,
      "FPR": 0.0,
      "approval_rate": 0.02564102564102564
    }
  },
  "bias_metrics": {
    "SPD": 0.6598935655539429,
    "EOD": -0.0092592592592593,
    "AOD": 0.024237472766884552,
    "PrecisionDiff": -0.01834862385321101
  }
}