{
  "meta": {
    "mode": "static",
    "representation_bias": 0.5,
    "label_bias": 0.4,
    "seed": 42,
    "reweighting_enabled": true,
    "reweighting_mode": "manual",
    "manual_group_weights": {
      "A": 0.5,
      "B": 1.5
    },
    "model": "XGBoost",
    "calibration": "Isotonic"
  },
  "overall_metrics": {
    "roc_auc": 0.9768061587050927,
    "accuracy": 0.9295659295659295,
    "precision": 0.9079497907949791,
    "recall": 0.9117647058823529,
    "log_loss": 0.33518031345783766
  },
  "by_group": {
    "A": {
      "support": 616,
      "roc_auc": 0.9591907648353346,
      "log_loss": 0.33743322513046026,
      "accuracy": 0.9058441558441559,
      "precision": 0.9300225733634312,
      "recall": 0.9384965831435079,
      "FPR": 0.1751412429378531,
      "approval_rate": 0.7191558441558441
    },
    "B": {
      "support": 605,
      "roc_auc": 0.8957698896079178,
      "log_loss": 0.3328864397548036,
      "accuracy": 0.9537190082644628,
      "precision": 0.6285714285714286,
      "recall": 0.5945945945945946,
      "FPR": 0.022887323943661973,
      "approval_rate": 0.05785123966942149
    }
  },
  "bias_metrics": {
    "SPD": -0.6613046044864226,
    "EOD": -0.3439019885489133,
    "AOD": 0.24807795377155223,
    "PrecisionDiff": -0.30145114479200263
  }
}