{
  "meta": {
    "mode": "static",
    "representation_bias": 0.8,
    "label_bias": 0.4,
    "seed": 42,
    "reweighting_enabled": false,
    "reweighting_mode": "none",
    "manual_group_weights": null,
    "model": "XGBoost",
    "calibration": "Isotonic"
  },
  "overall_metrics": {
    "roc_auc": 0.9809860045194287,
    "accuracy": 0.9408473221422862,
    "precision": 0.9608391608391609,
    "recall": 0.937244201909959,
    "log_loss": 0.18400529706030244
  },
  "by_group": {
    "A": {
      "support": 1017,
      "roc_auc": 0.9752308064951882,
      "log_loss": 0.15947521272927673,
      "accuracy": 0.9419862340216323,
      "precision": 0.9713876967095851,
      "recall": 0.9456824512534819,
      "FPR": 0.06688963210702341,
      "approval_rate": 0.6873156342182891
    },
    "B": {
      "support": 234,
      "roc_auc": 0.9168949771689499,
      "log_loss": 0.2906168174220679,
      "accuracy": 0.9358974358974359,
      "precision": 0.5,
      "recall": 0.5333333333333333,
      "FPR": 0.0365296803652968,
      "approval_rate": 0.06837606837606838
    }
  },
  "bias_metrics": {
    "SPD": -0.6189395658422208,
    "EOD": -0.4123491179201486,
    "AOD": 0.22135453483093762,
    "PrecisionDiff": -0.47138769670958514
  }
}