{
  "meta": {
    "mode": "static",
    "representation_bias": 0.6,
    "label_bias": 0.0,
    "seed": 42,
    "reweighting_enabled": false,
    "reweighting_mode": "none",
    "manual_group_weights": null,
    "model": "XGBoost",
    "calibration": "None"
  },
  "overall_metrics": {
    "roc_auc": 0.9796854042189977,
    "accuracy": 0.933115823817292,
    "precision": 0.9149722735674677,
    "recall": 0.9322033898305084,
    "log_loss": 0.18186707775495556
  },
  "by_group": {
    "A": {
      "support": 771,
      "roc_auc": 0.9736959243288357,
      "log_loss": 0.1993791180398352,
      "accuracy": 0.9247730220492867,
      "precision": 0.9268817204301075,
      "recall": 0.9472527472527472,
      "FPR": 0.10759493670886076,
      "approval_rate": 0.603112840466926
    },
    "B": {
      "support": 455,
      "roc_auc": 0.973232884321622,
      "log_loss": 0.15219282927222547,
      "accuracy": 0.9472527472527472,
      "precision": 0.8421052631578947,
      "recall": 0.8421052631578947,
      "FPR": 0.0316622691292876,
      "approval_rate": 0.16703296703296702
    }
  },
  "bias_metrics": {
    "SPD": -0.43607987343395904,
    "EOD": -0.10514748409485253,
    "AOD": 0.09054007583721285,
    "PrecisionDiff": -0.08477645727221284
  }
}