{
  "meta": {
    "mode": "static",
    "representation_bias": 0.6,
    "label_bias": 0.5,
    "seed": 42,
    "reweighting_enabled": true,
    "reweighting_mode": "manual",
    "manual_group_weights": {
      "A": 0.5,
      "B": 1.5
    },
    "model": "XGBoost",
    "calibration": "Isotonic"
  },
  "overall_metrics": {
    "roc_auc": 0.9823882957690788,
    "accuracy": 0.9288601455133387,
    "precision": 0.9817073170731707,
    "recall": 0.8594306049822064,
    "log_loss": 0.22577559395197172
  },
  "by_group": {
    "A": {
      "support": 776,
      "roc_auc": 0.981029247857335,
      "log_loss": 0.19343979096892083,
      "accuracy": 0.9123711340206185,
      "precision": 0.9853249475890985,
      "recall": 0.8851224105461394,
      "FPR": 0.02857142857142857,
      "approval_rate": 0.6146907216494846
    },
    "B": {
      "support": 461,
      "roc_auc": 0.8881845461365341,
      "log_loss": 0.28020635992777976,
      "accuracy": 0.9566160520607375,
      "precision": 0.8666666666666667,
      "recall": 0.41935483870967744,
      "FPR": 0.004651162790697674,
      "approval_rate": 0.03253796095444685
    }
  },
  "bias_metrics": {
    "SPD": -0.5821527606950377,
    "EOD": -0.46576757183646195,
    "AOD": 0.24484391880859643,
    "PrecisionDiff": -0.1186582809224318
  }
}