{
  "meta": {
    "mode": "static",
    "representation_bias": 0.5,
    "label_bias": 0.6,
    "seed": 42,
    "reweighting_enabled": true,
    "reweighting_mode": "auto",
    "manual_group_weights": {
      "A": 1.0000000000000002,
      "B": 1.0
    },
    "model": "XGBoost",
    "calibration": "Isotonic"
  },
  "overall_metrics": {
    "roc_auc": 0.9666095890410958,
    "accuracy": 0.927461139896373,
    "precision": 0.8933333333333333,
    "recall": 0.9178082191780822,
    "log_loss": 0.6575929454996101
  },
  "by_group": {
    "A": {
      "roc_auc": 0.9685235507246377,
      "log_loss": 1.155786390768245,
      "accuracy": 0.9405940594059405,
      "precision": 0.9846153846153847,
      "recall": 0.927536231884058,
      "FPR": 0.03125,
      "approval_rate": 0.6435643564356436
    },
    "B": {
      "roc_auc": 0.9502840909090908,
      "log_loss": 0.11066318493295599,
      "accuracy": 0.9130434782608695,
      "precision": 0.3,
      "recall": 0.75,
      "FPR": 0.07954545454545454,
      "approval_rate": 0.10869565217391304
    }
  },
  "bias_metrics": {
    "SPD": 0.5348687042617305,
    "EOD": 0.17753623188405798,
    "AOD": 0.11291584321475626,
    "PrecisionDiff": 0.6846153846153846
  }
}