{
  "meta": {
    "mode": "static",
    "representation_bias": 0.8,
    "label_bias": 0.4,
    "seed": 42,
    "reweighting_enabled": true,
    "reweighting_mode": "auto",
    "manual_group_weights": {
      "A": 1.0000000000000002,
      "B": 1.0
    },
    "model": "XGBoost",
    "calibration": "Isotonic"
  },
  "overall_metrics": {
    "roc_auc": 0.9909622541201489,
    "accuracy": 0.9639175257731959,
    "precision": 0.9791666666666666,
    "recall": 0.9494949494949495,
    "log_loss": 0.2779236229753494
  },
  "by_group": {
    "A": {
      "roc_auc": 0.9901221264367817,
      "log_loss": 0.3257417741203057,
      "accuracy": 0.961038961038961,
      "precision": 0.9891304347826086,
      "recall": 0.9479166666666666,
      "FPR": 0.017241379310344827,
      "approval_rate": 0.5974025974025974
    },
    "B": {
      "roc_auc": 1.0,
      "log_loss": 0.09382374106726783,
      "accuracy": 0.975,
      "precision": 0.75,
      "recall": 1.0,
      "FPR": 0.02702702702702703,
      "approval_rate": 0.1
    }
  },
  "bias_metrics": {
    "SPD": 0.4974025974025974,
    "EOD": -0.05208333333333337,
    "AOD": 0.030934490525007786,
    "PrecisionDiff": 0.23913043478260865
  }
}