{
  "meta": {
    "mode": "static",
    "representation_bias": 0.8,
    "label_bias": 0.5,
    "seed": 42,
    "reweighting_enabled": true,
    "reweighting_mode": "auto",
    "manual_group_weights": {
      "A": 1.0,
      "B": 1.0
    },
    "model": "XGBoost",
    "calibration": "Isotonic"
  },
  "overall_metrics": {
    "roc_auc": 0.9744726743345875,
    "accuracy": 0.9298952457695407,
    "precision": 0.9481792717086834,
    "recall": 0.9312242090784044,
    "log_loss": 0.2745873064112191
  },
  "by_group": {
    "A": {
      "support": 1007,
      "roc_auc": 0.9668003199969156,
      "log_loss": 0.2854033355967098,
      "accuracy": 0.929493545183714,
      "precision": 0.9601706970128022,
      "recall": 0.9401114206128134,
      "FPR": 0.09688581314878893,
      "approval_rate": 0.6981132075471698
    },
    "B": {
      "support": 234,
      "roc_auc": 0.857283950617284,
      "log_loss": 0.22804140303605192,
      "accuracy": 0.9316239316239316,
      "precision": 0.18181818181818182,
      "recall": 0.2222222222222222,
      "FPR": 0.04,
      "approval_rate": 0.04700854700854701
    }
  },
  "bias_metrics": {
    "SPD": -0.6511046605386228,
    "EOD": -0.7178891983905912,
    "AOD": 0.38738750576969005,
    "PrecisionDiff": -0.7783525151946205
  }
}