{
  "meta": {
    "mode": "static",
    "representation_bias": 0.7,
    "label_bias": 0.0,
    "seed": 42,
    "reweighting_enabled": true,
    "reweighting_mode": "auto",
    "manual_group_weights": {
      "A": 1.0,
      "B": 0.9999999999999998
    },
    "model": "XGBoost",
    "calibration": "Isotonic"
  },
  "overall_metrics": {
    "roc_auc": 0.9756471977228128,
    "accuracy": 0.9310910582444627,
    "precision": 0.9389179755671903,
    "recall": 0.9165247018739353,
    "log_loss": 0.1907744468173014
  },
  "by_group": {
    "A": {
      "support": 881,
      "roc_auc": 0.9710005350454788,
      "log_loss": 0.20323376299475157,
      "accuracy": 0.9250851305334846,
      "precision": 0.9439071566731141,
      "recall": 0.9295238095238095,
      "FPR": 0.08146067415730338,
      "approval_rate": 0.58683314415437
    },
    "B": {
      "support": 338,
      "roc_auc": 0.9694950911640954,
      "log_loss": 0.15829912861513099,
      "accuracy": 0.9467455621301775,
      "precision": 0.8928571428571429,
      "recall": 0.8064516129032258,
      "FPR": 0.021739130434782608,
      "approval_rate": 0.16568047337278108
    }
  },
  "bias_metrics": {
    "SPD": -0.42115267078158897,
    "EOD": -0.12307219662058377,
    "AOD": 0.09139687017155226,
    "PrecisionDiff": -0.051050013815971185
  }
}