{
  "meta": {
    "mode": "static",
    "representation_bias": 0.8,
    "label_bias": 0.5,
    "seed": 42,
    "reweighting_enabled": true,
    "reweighting_mode": "manual",
    "manual_group_weights": {
      "A": 1.5,
      "B": 0.5
    },
    "model": "XGBoost",
    "calibration": "Isotonic"
  },
  "overall_metrics": {
    "roc_auc": 0.9880851063829788,
    "accuracy": 0.9639175257731959,
    "precision": 0.9514563106796117,
    "recall": 0.98,
    "log_loss": 0.4341642965142425
  },
  "by_group": {
    "A": {
      "roc_auc": 0.9933035714285715,
      "log_loss": 0.3124738387825237,
      "accuracy": 0.9605263157894737,
      "precision": 0.9591836734693877,
      "recall": 0.9791666666666666,
      "FPR": 0.07142857142857142,
      "approval_rate": 0.6447368421052632
    },
    "B": {
      "roc_auc": 0.9835526315789473,
      "log_loss": 0.8745678578290342,
      "accuracy": 0.9761904761904762,
      "precision": 0.8,
      "recall": 1.0,
      "FPR": 0.02631578947368421,
      "approval_rate": 0.11904761904761904
    }
  },
  "bias_metrics": {
    "SPD": 0.5256892230576441,
    "EOD": -0.02083333333333337,
    "AOD": 0.03297305764411029,
    "PrecisionDiff": 0.15918367346938767
  }
}