{
  "meta": {
    "mode": "static",
    "representation_bias": 0.8,
    "label_bias": 0.0,
    "seed": 42,
    "reweighting_enabled": false,
    "reweighting_mode": "none",
    "manual_group_weights": null,
    "model": "XGBoost",
    "calibration": "Isotonic"
  },
  "overall_metrics": {
    "roc_auc": 0.9659752279631336,
    "accuracy": 0.9165329052969502,
    "precision": 0.9211746522411128,
    "recall": 0.9183359013867488,
    "log_loss": 0.5510334508695237
  },
  "by_group": {
    "A": {
      "support": 1030,
      "roc_auc": 0.960849781234808,
      "log_loss": 0.5718976712676959,
      "accuracy": 0.9106796116504854,
      "precision": 0.9225700164744646,
      "recall": 0.9256198347107438,
      "FPR": 0.11058823529411765,
      "approval_rate": 0.5893203883495146
    },
    "B": {
      "support": 216,
      "roc_auc": 0.9561971458773784,
      "log_loss": 0.45154202952638783,
      "accuracy": 0.9444444444444444,
      "precision": 0.9,
      "recall": 0.8181818181818182,
      "FPR": 0.023255813953488372,
      "approval_rate": 0.18518518518518517
    }
  },
  "bias_metrics": {
    "SPD": -0.40413520316432944,
    "EOD": -0.1074380165289256,
    "AOD": 0.09738521893477745,
    "PrecisionDiff": -0.02257001647446455
  }
}