{
  "meta": {
    "mode": "static",
    "representation_bias": 0.5,
    "label_bias": 0.5,
    "seed": 42,
    "reweighting_enabled": false,
    "reweighting_mode": "none",
    "manual_group_weights": null,
    "model": "XGBoost",
    "calibration": "None"
  },
  "overall_metrics": {
    "roc_auc": 0.9841240533879411,
    "accuracy": 0.9418032786885245,
    "precision": 0.9372384937238494,
    "recall": 0.9161554192229039,
    "log_loss": 0.15993330390163846
  },
  "by_group": {
    "A": {
      "support": 644,
      "roc_auc": 0.9712752969901864,
      "log_loss": 0.19776651890135818,
      "accuracy": 0.9254658385093167,
      "precision": 0.9617117117117117,
      "recall": 0.9323144104803494,
      "FPR": 0.0913978494623656,
      "approval_rate": 0.6894409937888198
    },
    "B": {
      "support": 576,
      "roc_auc": 0.9425865640722106,
      "log_loss": 0.11763366768667399,
      "accuracy": 0.9600694444444444,
      "precision": 0.6176470588235294,
      "recall": 0.6774193548387096,
      "FPR": 0.023853211009174313,
      "approval_rate": 0.059027777777777776
    }
  },
  "bias_metrics": {
    "SPD": -0.630413216011042,
    "EOD": -0.2548950556416397,
    "AOD": 0.1612198470474155,
    "PrecisionDiff": -0.3440646528881822
  }
}