{
  "meta": {
    "mode": "static",
    "representation_bias": 0.5,
    "label_bias": 0.6,
    "seed": 42,
    "reweighting_enabled": true,
    "reweighting_mode": "manual",
    "manual_group_weights": {
      "A": 1.5,
      "B": 0.5
    },
    "model": "XGBoost",
    "calibration": "Isotonic"
  },
  "overall_metrics": {
    "roc_auc": 0.9737383055171196,
    "accuracy": 0.9234567901234568,
    "precision": 0.8817635270541082,
    "recall": 0.9282700421940928,
    "log_loss": 0.29764394598477956
  },
  "by_group": {
    "A": {
      "support": 618,
      "roc_auc": 0.9562687687687688,
      "log_loss": 0.33326528592823285,
      "accuracy": 0.9093851132686084,
      "precision": 0.9217391304347826,
      "recall": 0.954954954954955,
      "FPR": 0.20689655172413793,
      "approval_rate": 0.7443365695792881
    },
    "B": {
      "support": 597,
      "roc_auc": 0.876278659611993,
      "log_loss": 0.2607695940835162,
      "accuracy": 0.9380234505862647,
      "precision": 0.41025641025641024,
      "recall": 0.5333333333333333,
      "FPR": 0.04056437389770723,
      "approval_rate": 0.06532663316582915
    }
  },
  "bias_metrics": {
    "SPD": -0.679009936413459,
    "EOD": -0.42162162162162165,
    "AOD": 0.2939768997240262,
    "PrecisionDiff": -0.5114827201783724
  }
}