{
  "meta": {
    "mode": "static",
    "representation_bias": 0.8,
    "label_bias": 0.0,
    "seed": 42,
    "reweighting_enabled": true,
    "reweighting_mode": "manual",
    "manual_group_weights": {
      "A": 0.5,
      "B": 1.5
    },
    "model": "XGBoost",
    "calibration": "Isotonic"
  },
  "overall_metrics": {
    "roc_auc": 0.9670760066382246,
    "accuracy": 0.9181380417335474,
    "precision": 0.9280125195618153,
    "recall": 0.9137134052388289,
    "log_loss": 0.47398274782280053
  },
  "by_group": {
    "A": {
      "support": 1030,
      "roc_auc": 0.962251823043267,
      "log_loss": 0.4787452648520245,
      "accuracy": 0.9135922330097087,
      "precision": 0.93,
      "recall": 0.9223140495867769,
      "FPR": 0.0988235294117647,
      "approval_rate": 0.5825242718446602
    },
    "B": {
      "support": 216,
      "roc_auc": 0.9577167019027484,
      "log_loss": 0.4512725971741863,
      "accuracy": 0.9398148148148148,
      "precision": 0.8974358974358975,
      "recall": 0.7954545454545454,
      "FPR": 0.023255813953488372,
      "approval_rate": 0.18055555555555555
    }
  },
  "bias_metrics": {
    "SPD": -0.4019687162891046,
    "EOD": -0.12685950413223146,
    "AOD": 0.1012136097952539,
    "PrecisionDiff": -0.03256410256410258
  }
}