{
  "meta": {
    "mode": "static",
    "representation_bias": 0.8,
    "label_bias": 0.6,
    "seed": 42,
    "reweighting_enabled": false,
    "reweighting_mode": "none",
    "manual_group_weights": null,
    "model": "XGBoost",
    "calibration": "Isotonic"
  },
  "overall_metrics": {
    "roc_auc": 0.9712256454554178,
    "accuracy": 0.925686591276252,
    "precision": 0.9222929936305733,
    "recall": 0.9589403973509933,
    "log_loss": 0.22737713246107508
  },
  "by_group": {
    "A": {
      "support": 1016,
      "roc_auc": 0.963894000736106,
      "log_loss": 0.18897089379281895,
      "accuracy": 0.9320866141732284,
      "precision": 0.9375,
      "recall": 0.97165991902834,
      "FPR": 0.17454545454545456,
      "approval_rate": 0.7559055118110236
    },
    "B": {
      "support": 222,
      "roc_auc": 0.8032280219780219,
      "log_loss": 0.4031462247446255,
      "accuracy": 0.8963963963963963,
      "precision": 0.23529411764705882,
      "recall": 0.2857142857142857,
      "FPR": 0.0625,
      "approval_rate": 0.07657657657657657
    }
  },
  "bias_metrics": {
    "SPD": -0.679328935234447,
    "EOD": -0.6859456333140543,
    "AOD": 0.39899554392975445,
    "PrecisionDiff": -0.7022058823529411
  }
}