{
  "meta": {
    "mode": "static",
    "representation_bias": 0.6,
    "label_bias": 0.6,
    "seed": 42,
    "reweighting_enabled": true,
    "reweighting_mode": "manual",
    "manual_group_weights": {
      "A": 1.5,
      "B": 0.5
    },
    "model": "XGBoost",
    "calibration": "Isotonic"
  },
  "overall_metrics": {
    "roc_auc": 0.9822034987733939,
    "accuracy": 0.934640522875817,
    "precision": 0.9122516556291391,
    "recall": 0.9532871972318339,
    "log_loss": 0.17352885618903036
  },
  "by_group": {
    "A": {
      "support": 763,
      "roc_auc": 0.9719468485007431,
      "log_loss": 0.17263985496404036,
      "accuracy": 0.9331585845347313,
      "precision": 0.9393414211438474,
      "recall": 0.9713261648745519,
      "FPR": 0.17073170731707318,
      "approval_rate": 0.7562254259501966
    },
    "B": {
      "support": 461,
      "roc_auc": 0.8869047619047621,
      "log_loss": 0.17500023999525022,
      "accuracy": 0.9370932754880694,
      "precision": 0.3333333333333333,
      "recall": 0.45,
      "FPR": 0.04081632653061224,
      "approval_rate": 0.05856832971800434
    }
  },
  "bias_metrics": {
    "SPD": -0.6976570962321923,
    "EOD": -0.521326164874552,
    "AOD": 0.32562077283050644,
    "PrecisionDiff": -0.6060080878105141
  }
}