{
  "meta": {
    "mode": "static",
    "representation_bias": 0.7,
    "label_bias": 0.5,
    "seed": 42,
    "reweighting_enabled": true,
    "reweighting_mode": "manual",
    "manual_group_weights": {
      "A": 0.5,
      "B": 1.5
    },
    "model": "XGBoost",
    "calibration": "Isotonic"
  },
  "overall_metrics": {
    "roc_auc": 0.9776435045317221,
    "accuracy": 0.9334402566158782,
    "precision": 0.9460708782742681,
    "recall": 0.9274924471299094,
    "log_loss": 0.1900566034356946
  },
  "by_group": {
    "A": {
      "support": 887,
      "roc_auc": 0.967967198411173,
      "log_loss": 0.19140502685223346,
      "accuracy": 0.9278466741826381,
      "precision": 0.9618441971383148,
      "recall": 0.937984496124031,
      "FPR": 0.09917355371900827,
      "approval_rate": 0.7091319052987599
    },
    "B": {
      "support": 360,
      "roc_auc": 0.8570571085577089,
      "log_loss": 0.1867342379621669,
      "accuracy": 0.9472222222222222,
      "precision": 0.45,
      "recall": 0.5294117647058824,
      "FPR": 0.03206997084548105,
      "approval_rate": 0.05555555555555555
    }
  },
  "bias_metrics": {
    "SPD": -0.6535763497432043,
    "EOD": -0.40857273141814865,
    "AOD": 0.23783815714583795,
    "PrecisionDiff": -0.5118441971383147
  }
}