{
  "meta": {
    "mode": "static",
    "representation_bias": 0.5,
    "label_bias": 0.5,
    "seed": 42,
    "reweighting_enabled": true,
    "reweighting_mode": "manual",
    "manual_group_weights": {
      "A": 1.5,
      "B": 0.5
    },
    "model": "XGBoost",
    "calibration": "Isotonic"
  },
  "overall_metrics": {
    "roc_auc": 0.9832875938219487,
    "accuracy": 0.9459016393442623,
    "precision": 0.9221556886227545,
    "recall": 0.9447852760736196,
    "log_loss": 0.15656931812655528
  },
  "by_group": {
    "A": {
      "support": 644,
      "roc_auc": 0.9674954218904072,
      "log_loss": 0.18274957351387297,
      "accuracy": 0.9425465838509317,
      "precision": 0.9546436285097192,
      "recall": 0.9650655021834061,
      "FPR": 0.11290322580645161,
      "approval_rate": 0.718944099378882
    },
    "B": {
      "support": 576,
      "roc_auc": 0.9426753477360166,
      "log_loss": 0.12729833814490144,
      "accuracy": 0.9496527777777778,
      "precision": 0.5263157894736842,
      "recall": 0.6451612903225806,
      "FPR": 0.03302752293577982,
      "approval_rate": 0.06597222222222222
    }
  },
  "bias_metrics": {
    "SPD": -0.6529718771566598,
    "EOD": -0.3199042118608255,
    "AOD": 0.19988995736574866,
    "PrecisionDiff": -0.428327839036035
  }
}