{
  "meta": {
    "mode": "static",
    "representation_bias": 0.6,
    "label_bias": 0.6,
    "seed": 42,
    "reweighting_enabled": true,
    "reweighting_mode": "manual",
    "manual_group_weights": {
      "A": 0.5,
      "B": 1.5
    },
    "model": "XGBoost",
    "calibration": "Isotonic"
  },
  "overall_metrics": {
    "roc_auc": 0.9970889613414067,
    "accuracy": 0.9841269841269841,
    "precision": 0.9866666666666667,
    "recall": 0.9736842105263158,
    "log_loss": 0.10203984195926977
  },
  "by_group": {
    "A": {
      "roc_auc": 0.9980942480942481,
      "log_loss": 0.1296571139903268,
      "accuracy": 0.9911504424778761,
      "precision": 1.0,
      "recall": 0.9864864864864865,
      "FPR": 0.0,
      "approval_rate": 0.6460176991150443
    },
    "B": {
      "roc_auc": 0.9763513513513514,
      "log_loss": 0.060977319070987586,
      "accuracy": 0.9736842105263158,
      "precision": 0.5,
      "recall": 0.5,
      "FPR": 0.013513513513513514,
      "approval_rate": 0.02631578947368421
    }
  },
  "bias_metrics": {
    "SPD": 0.6197019096413601,
    "EOD": 0.4864864864864865,
    "AOD": 0.25,
    "PrecisionDiff": 0.5
  }
}