{
  "meta": {
    "mode": "static",
    "representation_bias": 0.7,
    "label_bias": 0.6,
    "seed": 42,
    "reweighting_enabled": true,
    "reweighting_mode": "manual",
    "manual_group_weights": {
      "A": 1.5,
      "B": 0.5
    },
    "model": "XGBoost",
    "calibration": "Isotonic"
  },
  "overall_metrics": {
    "roc_auc": 0.967950197466277,
    "accuracy": 0.9193290734824281,
    "precision": 0.9278195488721804,
    "recall": 0.9208955223880597,
    "log_loss": 0.2441007181609794
  },
  "by_group": {
    "A": {
      "support": 908,
      "roc_auc": 0.9497299580605256,
      "log_loss": 0.2633067664065446,
      "accuracy": 0.9118942731277533,
      "precision": 0.9457364341085271,
      "recall": 0.9312977099236641,
      "FPR": 0.1383399209486166,
      "approval_rate": 0.710352422907489
    },
    "B": {
      "support": 344,
      "roc_auc": 0.8932117527862208,
      "log_loss": 0.1934056838383827,
      "accuracy": 0.938953488372093,
      "precision": 0.35,
      "recall": 0.4666666666666667,
      "FPR": 0.03951367781155015,
      "approval_rate": 0.05813953488372093
    }
  },
  "bias_metrics": {
    "SPD": -0.6522128880237681,
    "EOD": -0.46463104325699744,
    "AOD": 0.28172864319703195,
    "PrecisionDiff": -0.5957364341085272
  }
}