{
  "meta": {
    "mode": "static",
    "representation_bias": 0.8,
    "label_bias": 0.4,
    "seed": 42,
    "reweighting_enabled": true,
    "reweighting_mode": "manual",
    "manual_group_weights": {
      "A": 0.5,
      "B": 1.5
    },
    "model": "XGBoost",
    "calibration": "Isotonic"
  },
  "overall_metrics": {
    "roc_auc": 0.9802143304871819,
    "accuracy": 0.9464428457234213,
    "precision": 0.9625,
    "recall": 0.9454297407912687,
    "log_loss": 0.26381835602969456
  },
  "by_group": {
    "A": {
      "support": 1017,
      "roc_auc": 0.9740872546370911,
      "log_loss": 0.22955345237817187,
      "accuracy": 0.9469026548672567,
      "precision": 0.9689265536723164,
      "recall": 0.9554317548746518,
      "FPR": 0.07357859531772576,
      "approval_rate": 0.696165191740413
    },
    "B": {
      "support": 234,
      "roc_auc": 0.8928462709284628,
      "log_loss": 0.41273889882285064,
      "accuracy": 0.9444444444444444,
      "precision": 0.5833333333333334,
      "recall": 0.4666666666666667,
      "FPR": 0.0228310502283105,
      "approval_rate": 0.05128205128205128
    }
  },
  "bias_metrics": {
    "SPD": -0.6448831404583617,
    "EOD": -0.48876508820798514,
    "AOD": 0.2697563166487002,
    "PrecisionDiff": -0.385593220338983
  }
}