{
  "meta": {
    "mode": "static",
    "representation_bias": 0.7,
    "label_bias": 0.5,
    "seed": 42,
    "reweighting_enabled": true,
    "reweighting_mode": "auto",
    "manual_group_weights": {
      "A": 1.0,
      "B": 1.0
    },
    "model": "XGBoost",
    "calibration": "Isotonic"
  },
  "overall_metrics": {
    "roc_auc": 0.9732111963229788,
    "accuracy": 0.9318364073777065,
    "precision": 0.9377845220030349,
    "recall": 0.9335347432024169,
    "log_loss": 0.23142694253136772
  },
  "by_group": {
    "A": {
      "support": 887,
      "roc_auc": 0.9646037542443463,
      "log_loss": 0.20874280195907152,
      "accuracy": 0.9334836527621195,
      "precision": 0.9621451104100947,
      "recall": 0.9457364341085271,
      "FPR": 0.09917355371900827,
      "approval_rate": 0.7147688838782412
    },
    "B": {
      "support": 360,
      "roc_auc": 0.8646887326359115,
      "log_loss": 0.2873181444414419,
      "accuracy": 0.9277777777777778,
      "precision": 0.32,
      "recall": 0.47058823529411764,
      "FPR": 0.04956268221574344,
      "approval_rate": 0.06944444444444445
    }
  },
  "bias_metrics": {
    "SPD": -0.6453244394337968,
    "EOD": -0.4751481988144095,
    "AOD": 0.26237953515883716,
    "PrecisionDiff": -0.6421451104100946
  }
}