{
  "meta": {
    "mode": "static",
    "representation_bias": 0.6,
    "label_bias": 0.6,
    "seed": 42,
    "reweighting_enabled": true,
    "reweighting_mode": "auto",
    "manual_group_weights": {
      "A": 1.0,
      "B": 1.0
    },
    "model": "XGBoost",
    "calibration": "Isotonic"
  },
  "overall_metrics": {
    "roc_auc": 0.9773439424941347,
    "accuracy": 0.9248366013071896,
    "precision": 0.8957654723127035,
    "recall": 0.9515570934256056,
    "log_loss": 0.21063905099525518
  },
  "by_group": {
    "A": {
      "support": 763,
      "roc_auc": 0.9628769997377393,
      "log_loss": 0.2042802275119752,
      "accuracy": 0.927916120576671,
      "precision": 0.9343696027633851,
      "recall": 0.9695340501792115,
      "FPR": 0.18536585365853658,
      "approval_rate": 0.7588466579292268
    },
    "B": {
      "support": 461,
      "roc_auc": 0.8898526077097506,
      "log_loss": 0.22116352456953423,
      "accuracy": 0.9197396963123644,
      "precision": 0.2571428571428571,
      "recall": 0.45,
      "FPR": 0.05895691609977324,
      "approval_rate": 0.07592190889370933
    }
  },
  "bias_metrics": {
    "SPD": -0.6829247490355175,
    "EOD": -0.5195340501792114,
    "AOD": 0.3229714938689874,
    "PrecisionDiff": -0.677226745620528
  }
}