{
  "meta": {
    "mode": "static",
    "representation_bias": 0.8,
    "label_bias": 0.4,
    "seed": 42,
    "reweighting_enabled": false,
    "reweighting_mode": "none",
    "manual_group_weights": null,
    "model": "XGBoost",
    "calibration": "None"
  },
  "overall_metrics": {
    "roc_auc": 0.9635300372142478,
    "accuracy": 0.8917525773195877,
    "precision": 0.8482142857142857,
    "recall": 0.9595959595959596,
    "log_loss": 0.27597296209980815
  },
  "by_group": {
    "A": {
      "roc_auc": 0.9845545977011494,
      "log_loss": 0.14385748548279695,
      "accuracy": 0.961038961038961,
      "precision": 0.9787234042553191,
      "recall": 0.9583333333333334,
      "FPR": 0.034482758620689655,
      "approval_rate": 0.6103896103896104
    },
    "B": {
      "roc_auc": 1.0,
      "log_loss": 0.7846175470753012,
      "accuracy": 0.625,
      "precision": 0.16666666666666666,
      "recall": 1.0,
      "FPR": 0.40540540540540543,
      "approval_rate": 0.45
    }
  },
  "bias_metrics": {
    "SPD": 0.16038961038961036,
    "EOD": -0.04166666666666663,
    "AOD": 0.2062946567256912,
    "PrecisionDiff": 0.8120567375886525
  }
}