{
  "meta": {
    "mode": "static",
    "representation_bias": 0.5,
    "label_bias": 0.6,
    "seed": 42,
    "reweighting_enabled": false,
    "reweighting_mode": "none",
    "manual_group_weights": null,
    "model": "XGBoost",
    "calibration": "None"
  },
  "overall_metrics": {
    "roc_auc": 0.7846933952863333,
    "accuracy": 0.5728395061728395,
    "precision": 0.38578680203045684,
    "recall": 0.16033755274261605,
    "log_loss": 0.6068582943748115
  },
  "by_group": {
    "A": {
      "support": 618,
      "roc_auc": 0.9489877808843327,
      "log_loss": 0.8894365659021459,
      "accuracy": 0.3656957928802589,
      "precision": 0.9814814814814815,
      "recall": 0.11936936936936937,
      "FPR": 0.005747126436781609,
      "approval_rate": 0.08737864077669903
    },
    "B": {
      "support": 597,
      "roc_auc": 0.8596119929453263,
      "log_loss": 0.3143400836480231,
      "accuracy": 0.7872696817420436,
      "precision": 0.16083916083916083,
      "recall": 0.7666666666666667,
      "FPR": 0.21164021164021163,
      "approval_rate": 0.23953098827470687
    }
  },
  "bias_metrics": {
    "SPD": 0.15215234749800782,
    "EOD": 0.6472972972972973,
    "AOD": 0.4265951912503637,
    "PrecisionDiff": -0.8206423206423207
  }
}