{
  "meta": {
    "mode": "static",
    "representation_bias": 0.7,
    "label_bias": 0.0,
    "seed": 42,
    "reweighting_enabled": false,
    "reweighting_mode": "none",
    "manual_group_weights": null,
    "model": "XGBoost",
    "calibration": "Isotonic"
  },
  "overall_metrics": {
    "roc_auc": 0.9765677225972009,
    "accuracy": 0.9343724364232978,
    "precision": 0.9289340101522843,
    "recall": 0.9352640545144804,
    "log_loss": 0.20946600295173295
  },
  "by_group": {
    "A": {
      "support": 881,
      "roc_auc": 0.9724692348849653,
      "log_loss": 0.22763163396524513,
      "accuracy": 0.9330306469920545,
      "precision": 0.9379699248120301,
      "recall": 0.9504761904761905,
      "FPR": 0.09269662921348315,
      "approval_rate": 0.6038592508513053
    },
    "B": {
      "support": 338,
      "roc_auc": 0.9706054230949042,
      "log_loss": 0.16211712448160218,
      "accuracy": 0.9378698224852071,
      "precision": 0.847457627118644,
      "recall": 0.8064516129032258,
      "FPR": 0.03260869565217391,
      "approval_rate": 0.17455621301775148
    }
  },
  "bias_metrics": {
    "SPD": -0.42930303783355384,
    "EOD": -0.14402457757296472,
    "AOD": 0.10205625556713697,
    "PrecisionDiff": -0.09051229769338609
  }
}