{
  "meta": {
    "mode": "static",
    "representation_bias": 0.8,
    "label_bias": 0.0,
    "seed": 42,
    "reweighting_enabled": true,
    "reweighting_mode": "manual",
    "manual_group_weights": {
      "A": 1.5,
      "B": 0.5
    },
    "model": "XGBoost",
    "calibration": "Isotonic"
  },
  "overall_metrics": {
    "roc_auc": 0.9734018264840182,
    "accuracy": 0.9481865284974094,
    "precision": 0.9315068493150684,
    "recall": 0.9315068493150684,
    "log_loss": 0.6284359787248275
  },
  "by_group": {
    "A": {
      "roc_auc": 0.9980271464646465,
      "log_loss": 0.05136863778715988,
      "accuracy": 0.9753086419753086,
      "precision": 0.9558823529411765,
      "recall": 0.9848484848484849,
      "FPR": 0.03125,
      "approval_rate": 0.41975308641975306
    },
    "B": {
      "roc_auc": 0.7172619047619048,
      "log_loss": 3.6440782120119937,
      "accuracy": 0.8064516129032258,
      "precision": 0.6,
      "recall": 0.42857142857142855,
      "FPR": 0.08333333333333333,
      "approval_rate": 0.16129032258064516
    }
  },
  "bias_metrics": {
    "SPD": 0.25846276383910793,
    "EOD": 0.5562770562770563,
    "AOD": 0.3041801948051948,
    "PrecisionDiff": 0.35588235294117654
  }
}