{
  "meta": {
    "mode": "static",
    "representation_bias": 0.7,
    "label_bias": 0.4,
    "seed": 42,
    "reweighting_enabled": true,
    "reweighting_mode": "manual",
    "manual_group_weights": {
      "A": 0.5,
      "B": 1.5
    },
    "model": "XGBoost",
    "calibration": "Isotonic"
  },
  "overall_metrics": {
    "roc_auc": 0.9808039959455365,
    "accuracy": 0.937046004842615,
    "precision": 0.9360730593607306,
    "recall": 0.9447004608294931,
    "log_loss": 0.19180196386493895
  },
  "by_group": {
    "A": {
      "support": 890,
      "roc_auc": 0.9706373579009753,
      "log_loss": 0.21360287057740893,
      "accuracy": 0.9359550561797753,
      "precision": 0.9490445859872612,
      "recall": 0.9597423510466989,
      "FPR": 0.11895910780669144,
      "approval_rate": 0.7056179775280899
    },
    "B": {
      "support": 349,
      "roc_auc": 0.95282131661442,
      "log_loss": 0.13620652840906988,
      "accuracy": 0.9398280802292264,
      "precision": 0.6551724137931034,
      "recall": 0.6333333333333333,
      "FPR": 0.03134796238244514,
      "approval_rate": 0.0830945558739255
    }
  },
  "bias_metrics": {
    "SPD": -0.6225234216541644,
    "EOD": -0.3264090177133656,
    "AOD": 0.20701008156880596,
    "PrecisionDiff": -0.29387217219415773
  }
}