{
  "meta": {
    "mode": "static",
    "representation_bias": 0.6,
    "label_bias": 0.0,
    "seed": 42,
    "reweighting_enabled": true,
    "reweighting_mode": "manual",
    "manual_group_weights": {
      "A": 1.5,
      "B": 0.5
    },
    "model": "XGBoost",
    "calibration": "Isotonic"
  },
  "overall_metrics": {
    "roc_auc": 0.982308743169399,
    "accuracy": 0.9560439560439561,
    "precision": 0.9482758620689655,
    "recall": 0.9166666666666666,
    "log_loss": 0.4737244215429579
  },
  "by_group": {
    "A": {
      "roc_auc": 0.9852163087457206,
      "log_loss": 0.38775156923440923,
      "accuracy": 0.956140350877193,
      "precision": 0.9791666666666666,
      "recall": 0.9215686274509803,
      "FPR": 0.015873015873015872,
      "approval_rate": 0.42105263157894735
    },
    "B": {
      "roc_auc": 0.9830508474576272,
      "log_loss": 0.6178553798249368,
      "accuracy": 0.9558823529411765,
      "precision": 0.8,
      "recall": 0.8888888888888888,
      "FPR": 0.03389830508474576,
      "approval_rate": 0.14705882352941177
    }
  },
  "bias_metrics": {
    "SPD": 0.27399380804953555,
    "EOD": 0.0326797385620915,
    "AOD": 0.025352513886910694,
    "PrecisionDiff": 0.17916666666666659
  }
}