{
  "meta": {
    "mode": "static",
    "representation_bias": 0.5,
    "label_bias": 0.4,
    "seed": 42,
    "reweighting_enabled": false,
    "reweighting_mode": "none",
    "manual_group_weights": null,
    "model": "XGBoost",
    "calibration": "None"
  },
  "overall_metrics": {
    "roc_auc": 0.8180108284924708,
    "accuracy": 0.6167076167076168,
    "precision": 0.5052910052910053,
    "recall": 0.8025210084033614,
    "log_loss": 0.6056288627874493
  },
  "by_group": {
    "A": {
      "support": 616,
      "roc_auc": 0.9607479762686125,
      "log_loss": 0.3423787789984337,
      "accuracy": 0.8457792207792207,
      "precision": 0.9804469273743017,
      "recall": 0.7995444191343963,
      "FPR": 0.03954802259887006,
      "approval_rate": 0.5811688311688312
    },
    "B": {
      "support": 605,
      "roc_auc": 0.777598020555767,
      "log_loss": 0.8736653117362652,
      "accuracy": 0.3834710743801653,
      "precision": 0.07788944723618091,
      "recall": 0.8378378378378378,
      "FPR": 0.6461267605633803,
      "approval_rate": 0.6578512396694215
    }
  },
  "bias_metrics": {
    "SPD": 0.07668240850059027,
    "EOD": 0.038293418703441495,
    "AOD": 0.32243607833397586,
    "PrecisionDiff": -0.9025574801381209
  }
}