{
  "meta": {
    "mode": "static",
    "representation_bias": 0.6,
    "label_bias": 0.0,
    "seed": 42,
    "reweighting_enabled": false,
    "reweighting_mode": "none",
    "manual_group_weights": null,
    "model": "XGBoost",
    "calibration": "None"
  },
  "overall_metrics": {
    "roc_auc": 0.9459016393442623,
    "accuracy": 0.8296703296703297,
    "precision": 0.6883116883116883,
    "recall": 0.8833333333333333,
    "log_loss": 0.31640261397423963
  },
  "by_group": {
    "A": {
      "roc_auc": 0.9859943977591037,
      "log_loss": 0.15788598168837437,
      "accuracy": 0.9298245614035088,
      "precision": 0.9777777777777777,
      "recall": 0.8627450980392157,
      "FPR": 0.015873015873015872,
      "approval_rate": 0.39473684210526316
    },
    "B": {
      "roc_auc": 0.9378531073446328,
      "log_loss": 0.5821510857476019,
      "accuracy": 0.6617647058823529,
      "precision": 0.28125,
      "recall": 1.0,
      "FPR": 0.3898305084745763,
      "approval_rate": 0.47058823529411764
    }
  },
  "bias_metrics": {
    "SPD": -0.07585139318885448,
    "EOD": -0.13725490196078427,
    "AOD": 0.25560619728117234,
    "PrecisionDiff": 0.6965277777777777
  }
}