{
  "meta": {
    "mode": "static",
    "representation_bias": 0.7,
    "label_bias": 0.4,
    "seed": 42,
    "reweighting_enabled": false,
    "reweighting_mode": "none",
    "manual_group_weights": null,
    "model": "XGBoost",
    "calibration": "None"
  },
  "overall_metrics": {
    "roc_auc": 0.9992480395316361,
    "accuracy": 0.9896907216494846,
    "precision": 0.9885057471264368,
    "recall": 0.9885057471264368,
    "log_loss": 0.034896948109588134
  },
  "by_group": {
    "A": {
      "roc_auc": 1.0,
      "log_loss": 0.021533420359517195,
      "accuracy": 1.0,
      "precision": 1.0,
      "recall": 1.0,
      "FPR": 0.0,
      "approval_rate": 0.6240601503759399
    },
    "B": {
      "roc_auc": 0.986842105263158,
      "log_loss": 0.06403382008925099,
      "accuracy": 0.9672131147540983,
      "precision": 0.75,
      "recall": 0.75,
      "FPR": 0.017543859649122806,
      "approval_rate": 0.06557377049180328
    }
  },
  "bias_metrics": {
    "SPD": 0.5584863798841366,
    "EOD": 0.25,
    "AOD": 0.1337719298245614,
    "PrecisionDiff": 0.25
  }
}