{
  "meta": {
    "mode": "static",
    "representation_bias": 0.7,
    "label_bias": 0.4,
    "seed": 42,
    "reweighting_enabled": true,
    "reweighting_mode": "manual",
    "manual_group_weights": {
      "A": 1.5,
      "B": 0.5
    },
    "model": "XGBoost",
    "calibration": "Isotonic"
  },
  "overall_metrics": {
    "roc_auc": 0.9797995234960344,
    "accuracy": 0.937046004842615,
    "precision": 0.9334341906202723,
    "recall": 0.9477726574500768,
    "log_loss": 0.1782434820493241
  },
  "by_group": {
    "A": {
      "support": 890,
      "roc_auc": 0.9729061532843657,
      "log_loss": 0.17527138684861576,
      "accuracy": 0.9393258426966292,
      "precision": 0.9507154213036566,
      "recall": 0.9629629629629629,
      "FPR": 0.11524163568773234,
      "approval_rate": 0.7067415730337079
    },
    "B": {
      "support": 349,
      "roc_auc": 0.9332810867293626,
      "log_loss": 0.18582275061273515,
      "accuracy": 0.9312320916905444,
      "precision": 0.59375,
      "recall": 0.6333333333333333,
      "FPR": 0.04075235109717868,
      "approval_rate": 0.09169054441260745
    }
  },
  "bias_metrics": {
    "SPD": -0.6150510286211004,
    "EOD": -0.3296296296296296,
    "AOD": 0.20205945711009163,
    "PrecisionDiff": -0.3569654213036566
  }
}