{
  "meta": {
    "mode": "static",
    "representation_bias": 0.5,
    "label_bias": 0.5,
    "seed": 42,
    "reweighting_enabled": true,
    "reweighting_mode": "manual",
    "manual_group_weights": {
      "A": 0.5,
      "B": 1.5
    },
    "model": "XGBoost",
    "calibration": "Isotonic"
  },
  "overall_metrics": {
    "roc_auc": 0.9815265526955541,
    "accuracy": 0.9418032786885245,
    "precision": 0.9484978540772532,
    "recall": 0.9038854805725971,
    "log_loss": 0.1865974731219565
  },
  "by_group": {
    "A": {
      "support": 644,
      "roc_auc": 0.9612738883410809,
      "log_loss": 0.21499270230450818,
      "accuracy": 0.9145962732919255,
      "precision": 0.9569160997732427,
      "recall": 0.9213973799126638,
      "FPR": 0.10215053763440861,
      "approval_rate": 0.6847826086956522
    },
    "B": {
      "support": 576,
      "roc_auc": 0.92909144717372,
      "log_loss": 0.15485002938313136,
      "accuracy": 0.9722222222222222,
      "precision": 0.8,
      "recall": 0.6451612903225806,
      "FPR": 0.009174311926605505,
      "approval_rate": 0.043402777777777776
    }
  },
  "bias_metrics": {
    "SPD": -0.6413798309178744,
    "EOD": -0.27623608959008317,
    "AOD": 0.18460615764894314,
    "PrecisionDiff": -0.1569160997732426
  }
}