{
  "meta": {
    "mode": "static",
    "representation_bias": 0.7,
    "label_bias": 0.6,
    "seed": 42,
    "reweighting_enabled": true,
    "reweighting_mode": "auto",
    "manual_group_weights": {
      "A": 1.0,
      "B": 1.0000000000000002
    },
    "model": "XGBoost",
    "calibration": "Isotonic"
  },
  "overall_metrics": {
    "roc_auc": 0.9733440170940171,
    "accuracy": 0.9639175257731959,
    "precision": 0.9560439560439561,
    "recall": 0.9666666666666667,
    "log_loss": 0.9516933617739272
  },
  "by_group": {
    "A": {
      "roc_auc": 0.9664659468438538,
      "log_loss": 1.0353494654677544,
      "accuracy": 0.9577464788732394,
      "precision": 0.9545454545454546,
      "recall": 0.9767441860465116,
      "FPR": 0.07142857142857142,
      "approval_rate": 0.6197183098591549
    },
    "B": {
      "roc_auc": 0.8671875,
      "log_loss": 0.7232478478407833,
      "accuracy": 0.9807692307692307,
      "precision": 1.0,
      "recall": 0.75,
      "FPR": 0.0,
      "approval_rate": 0.057692307692307696
    }
  },
  "bias_metrics": {
    "SPD": 0.5620260021668472,
    "EOD": 0.2267441860465116,
    "AOD": 0.1490863787375415,
    "PrecisionDiff": -0.045454545454545414
  }
}