{
  "meta": {
    "mode": "static",
    "representation_bias": 0.6,
    "label_bias": 0.6,
    "seed": 42,
    "reweighting_enabled": true,
    "reweighting_mode": "manual",
    "manual_group_weights": {
      "A": 0.5,
      "B": 1.5
    },
    "model": "XGBoost",
    "calibration": "Isotonic"
  },
  "overall_metrics": {
    "roc_auc": 0.9786401812591727,
    "accuracy": 0.9321895424836601,
    "precision": 0.9011345218800648,
    "recall": 0.9619377162629758,
    "log_loss": 0.18088345710126294
  },
  "by_group": {
    "A": {
      "support": 763,
      "roc_auc": 0.960228166797797,
      "log_loss": 0.20320029456937239,
      "accuracy": 0.9239842726081258,
      "precision": 0.9208754208754208,
      "recall": 0.9802867383512545,
      "FPR": 0.22926829268292684,
      "approval_rate": 0.7785058977719528
    },
    "B": {
      "support": 461,
      "roc_auc": 0.8894557823129252,
      "log_loss": 0.1439469126583833,
      "accuracy": 0.9457700650759219,
      "precision": 0.391304347826087,
      "recall": 0.45,
      "FPR": 0.031746031746031744,
      "approval_rate": 0.049891540130151846
    }
  },
  "bias_metrics": {
    "SPD": -0.7286143576418009,
    "EOD": -0.5302867383512544,
    "AOD": 0.36390449964407473,
    "PrecisionDiff": -0.5295710730493339
  }
}