{
  "meta": {
    "mode": "static",
    "representation_bias": 0.8,
    "label_bias": 0.6,
    "seed": 42,
    "reweighting_enabled": true,
    "reweighting_mode": "manual",
    "manual_group_weights": {
      "A": 1.5,
      "B": 0.5
    },
    "model": "XGBoost",
    "calibration": "Isotonic"
  },
  "overall_metrics": {
    "roc_auc": 0.9724432012943387,
    "accuracy": 0.9192245557350566,
    "precision": 0.9129886506935687,
    "recall": 0.9589403973509933,
    "log_loss": 0.2295283025283922
  },
  "by_group": {
    "A": {
      "support": 1016,
      "roc_auc": 0.9665194454668139,
      "log_loss": 0.18250042185712337,
      "accuracy": 0.9330708661417323,
      "precision": 0.9410222804718218,
      "recall": 0.9689608636977058,
      "FPR": 0.16363636363636364,
      "approval_rate": 0.7509842519685039
    },
    "B": {
      "support": 222,
      "roc_auc": 0.8282967032967034,
      "log_loss": 0.4447549996545595,
      "accuracy": 0.8558558558558559,
      "precision": 0.2,
      "recall": 0.42857142857142855,
      "FPR": 0.11538461538461539,
      "approval_rate": 0.13513513513513514
    }
  },
  "bias_metrics": {
    "SPD": -0.6158491168333688,
    "EOD": -0.5403894351262772,
    "AOD": 0.29432059168901276,
    "PrecisionDiff": -0.7410222804718218
  }
}