{
  "meta": {
    "mode": "static",
    "representation_bias": 0.5,
    "label_bias": 0.6,
    "seed": 42,
    "reweighting_enabled": true,
    "reweighting_mode": "auto",
    "manual_group_weights": {
      "A": 1.0000000000000002,
      "B": 1.0000000000000002
    },
    "model": "XGBoost",
    "calibration": "Isotonic"
  },
  "overall_metrics": {
    "roc_auc": 0.9681280855498045,
    "accuracy": 0.9152263374485596,
    "precision": 0.8673267326732673,
    "recall": 0.9240506329113924,
    "log_loss": 0.3447056675655844
  },
  "by_group": {
    "A": {
      "support": 618,
      "roc_auc": 0.9512465051258154,
      "log_loss": 0.41206900315144357,
      "accuracy": 0.9061488673139159,
      "precision": 0.9232456140350878,
      "recall": 0.9481981981981982,
      "FPR": 0.20114942528735633,
      "approval_rate": 0.7378640776699029
    },
    "B": {
      "support": 597,
      "roc_auc": 0.8735743680188125,
      "log_loss": 0.2749727674113785,
      "accuracy": 0.9246231155778895,
      "precision": 0.3469387755102041,
      "recall": 0.5666666666666667,
      "FPR": 0.0564373897707231,
      "approval_rate": 0.08207705192629816
    }
  },
  "bias_metrics": {
    "SPD": -0.6557870257436047,
    "EOD": -0.3815315315315315,
    "AOD": 0.2631217835240824,
    "PrecisionDiff": -0.5763068385248837
  }
}