{
  "meta": {
    "mode": "static",
    "representation_bias": 0.8,
    "label_bias": 0.5,
    "seed": 42,
    "reweighting_enabled": false,
    "reweighting_mode": "none",
    "manual_group_weights": null,
    "model": "XGBoost",
    "calibration": "None"
  },
  "overall_metrics": {
    "roc_auc": 0.9778739984692704,
    "accuracy": 0.9419822723609992,
    "precision": 0.9407806191117093,
    "recall": 0.9614855570839065,
    "log_loss": 0.17799970229341663
  },
  "by_group": {
    "A": {
      "support": 1007,
      "roc_auc": 0.970650885292672,
      "log_loss": 0.17670971959837362,
      "accuracy": 0.9463753723932473,
      "precision": 0.9573002754820936,
      "recall": 0.967966573816156,
      "FPR": 0.10726643598615918,
      "approval_rate": 0.7209533267130089
    },
    "B": {
      "support": 234,
      "roc_auc": 0.8582716049382716,
      "log_loss": 0.18355103807934978,
      "accuracy": 0.9230769230769231,
      "precision": 0.23529411764705882,
      "recall": 0.4444444444444444,
      "FPR": 0.057777777777777775,
      "approval_rate": 0.07264957264957266
    }
  },
  "bias_metrics": {
    "SPD": -0.6483037540634363,
    "EOD": -0.5235221293717116,
    "AOD": 0.2865053937900465,
    "PrecisionDiff": -0.7220061578350347
  }
}