{
  "meta": {
    "mode": "static",
    "representation_bias": 0.7,
    "label_bias": 0.5,
    "seed": 42,
    "reweighting_enabled": false,
    "reweighting_mode": "none",
    "manual_group_weights": null,
    "model": "XGBoost",
    "calibration": "None"
  },
  "overall_metrics": {
    "roc_auc": 0.9509334572778683,
    "accuracy": 0.7217321571772254,
    "precision": 0.6618705035971223,
    "recall": 0.972809667673716,
    "log_loss": 0.4743467796685335
  },
  "by_group": {
    "A": {
      "support": 887,
      "roc_auc": 0.969607277852521,
      "log_loss": 0.18597541598916095,
      "accuracy": 0.9368658399098083,
      "precision": 0.9415292353823088,
      "recall": 0.9736434108527132,
      "FPR": 0.16115702479338842,
      "approval_rate": 0.7519729425028185
    },
    "B": {
      "support": 360,
      "roc_auc": 0.8065511919053336,
      "log_loss": 1.1848617785118765,
      "accuracy": 0.19166666666666668,
      "precision": 0.05228758169934641,
      "recall": 0.9411764705882353,
      "FPR": 0.8454810495626822,
      "approval_rate": 0.85
    }
  },
  "bias_metrics": {
    "SPD": 0.09802705749718144,
    "EOD": -0.03246694026447794,
    "AOD": 0.35839548251688585,
    "PrecisionDiff": -0.8892416536829624
  }
}