{
  "meta": {
    "mode": "static",
    "representation_bias": 0.7,
    "label_bias": 0.5,
    "seed": 42,
    "reweighting_enabled": false,
    "reweighting_mode": "none",
    "manual_group_weights": null,
    "model": "XGBoost",
    "calibration": "Isotonic"
  },
  "overall_metrics": {
    "roc_auc": 0.9778035995558655,
    "accuracy": 0.9302325581395349,
    "precision": 0.9078014184397163,
    "recall": 0.9667673716012085,
    "log_loss": 0.18640209931334797
  },
  "by_group": {
    "A": {
      "support": 887,
      "roc_auc": 0.9695944647318854,
      "log_loss": 0.17932340016594092,
      "accuracy": 0.939120631341601,
      "precision": 0.9417040358744395,
      "recall": 0.9767441860465116,
      "FPR": 0.16115702479338842,
      "approval_rate": 0.7542277339346111
    },
    "B": {
      "support": 360,
      "roc_auc": 0.8574858514834505,
      "log_loss": 0.2038432274904315,
      "accuracy": 0.9083333333333333,
      "precision": 0.2777777777777778,
      "recall": 0.5882352941176471,
      "FPR": 0.07580174927113703,
      "approval_rate": 0.1
    }
  },
  "bias_metrics": {
    "SPD": -0.6542277339346111,
    "EOD": -0.3885088919288645,
    "AOD": 0.23693208372555796,
    "PrecisionDiff": -0.6639262580966617
  }
}