{
  "meta": {
    "mode": "static",
    "representation_bias": 0.7,
    "label_bias": 0.0,
    "seed": 42,
    "reweighting_enabled": false,
    "reweighting_mode": "none",
    "manual_group_weights": null,
    "model": "XGBoost",
    "calibration": "None"
  },
  "overall_metrics": {
    "roc_auc": 0.9499574105621806,
    "accuracy": 0.8301886792452831,
    "precision": 0.7617079889807162,
    "recall": 0.9420783645655877,
    "log_loss": 0.3413699756277655
  },
  "by_group": {
    "A": {
      "support": 881,
      "roc_auc": 0.974446227929374,
      "log_loss": 0.1983142209838688,
      "accuracy": 0.9296254256526674,
      "precision": 0.9392789373814042,
      "recall": 0.9428571428571428,
      "FPR": 0.0898876404494382,
      "approval_rate": 0.5981838819523269
    },
    "B": {
      "support": 338,
      "roc_auc": 0.9352501168770453,
      "log_loss": 0.7142460698327153,
      "accuracy": 0.5710059171597633,
      "precision": 0.2914572864321608,
      "recall": 0.9354838709677419,
      "FPR": 0.5108695652173914,
      "approval_rate": 0.5887573964497042
    }
  },
  "bias_metrics": {
    "SPD": -0.009426485502622706,
    "EOD": -0.007373271889400956,
    "AOD": 0.21417759832867705,
    "PrecisionDiff": -0.6478216509492434
  }
}