{
  "meta": {
    "mode": "static",
    "representation_bias": 0.7,
    "label_bias": 0.6,
    "seed": 42,
    "reweighting_enabled": true,
    "reweighting_mode": "auto",
    "manual_group_weights": {
      "A": 1.0000000000000002,
      "B": 1.0
    },
    "model": "XGBoost",
    "calibration": "Isotonic"
  },
  "overall_metrics": {
    "roc_auc": 0.9689003436426117,
    "accuracy": 0.9097444089456869,
    "precision": 0.8852005532503457,
    "recall": 0.9552238805970149,
    "log_loss": 0.2635697652042249
  },
  "by_group": {
    "A": {
      "support": 908,
      "roc_auc": 0.9508855565277735,
      "log_loss": 0.27423968878108146,
      "accuracy": 0.9118942731277533,
      "precision": 0.9184861717612809,
      "recall": 0.9633587786259542,
      "FPR": 0.22134387351778656,
      "approval_rate": 0.7566079295154186
    },
    "B": {
      "support": 344,
      "roc_auc": 0.8796352583586625,
      "log_loss": 0.23540612971647548,
      "accuracy": 0.9040697674418605,
      "precision": 0.25,
      "recall": 0.6,
      "FPR": 0.08206686930091185,
      "approval_rate": 0.10465116279069768
    }
  },
  "bias_metrics": {
    "SPD": -0.6519567667247209,
    "EOD": -0.3633587786259542,
    "AOD": 0.2513178914214145,
    "PrecisionDiff": -0.6684861717612809
  }
}