{
  "meta": {
    "mode": "static",
    "representation_bias": 0.5,
    "label_bias": 0.0,
    "seed": 42,
    "reweighting_enabled": false,
    "reweighting_mode": "none",
    "manual_group_weights": null,
    "model": "XGBoost",
    "calibration": "None"
  },
  "overall_metrics": {
    "roc_auc": 0.986024397272116,
    "accuracy": 0.94467382328654,
    "precision": 0.941908713692946,
    "recall": 0.920892494929006,
    "log_loss": 0.14624449448768717
  },
  "by_group": {
    "A": {
      "support": 632,
      "roc_auc": 0.9789410925505978,
      "log_loss": 0.1793673522381547,
      "accuracy": 0.9287974683544303,
      "precision": 0.9461538461538461,
      "recall": 0.9389312977099237,
      "FPR": 0.08786610878661087,
      "approval_rate": 0.6170886075949367
    },
    "B": {
      "support": 579,
      "roc_auc": 0.9821294363256785,
      "log_loss": 0.11008966530237546,
      "accuracy": 0.9620034542314335,
      "precision": 0.9239130434782609,
      "recall": 0.85,
      "FPR": 0.014613778705636743,
      "approval_rate": 0.15889464594127806
    }
  },
  "bias_metrics": {
    "SPD": -0.4581939616536586,
    "EOD": -0.0889312977099237,
    "AOD": 0.08109181389544892,
    "PrecisionDiff": -0.02224080267558526
  }
}