{
  "meta": {
    "mode": "static",
    "representation_bias": 0.8,
    "label_bias": 0.4,
    "seed": 42,
    "reweighting_enabled": true,
    "reweighting_mode": "auto",
    "manual_group_weights": {
      "A": 1.0000000000000002,
      "B": 1.0
    },
    "model": "XGBoost",
    "calibration": "Isotonic"
  },
  "overall_metrics": {
    "roc_auc": 0.9751707954300042,
    "accuracy": 0.9360511590727418,
    "precision": 0.9515905947441217,
    "recall": 0.9386084583901774,
    "log_loss": 0.3344650640620306
  },
  "by_group": {
    "A": {
      "support": 1017,
      "roc_auc": 0.9706193346437988,
      "log_loss": 0.29976343087132545,
      "accuracy": 0.9400196656833825,
      "precision": 0.9686162624821684,
      "recall": 0.9456824512534819,
      "FPR": 0.07357859531772576,
      "approval_rate": 0.6892822025565388
    },
    "B": {
      "support": 234,
      "roc_auc": 0.8687975646879756,
      "log_loss": 0.4852837006216338,
      "accuracy": 0.9188034188034188,
      "precision": 0.4090909090909091,
      "recall": 0.6,
      "FPR": 0.0593607305936073,
      "approval_rate": 0.09401709401709402
    }
  },
  "bias_metrics": {
    "SPD": -0.5952651085394448,
    "EOD": -0.34568245125348196,
    "AOD": 0.1799501579888002,
    "PrecisionDiff": -0.5595253533912592
  }
}