{
  "meta": {
    "mode": "static",
    "representation_bias": 0.5,
    "label_bias": 0.0,
    "seed": 42,
    "reweighting_enabled": false,
    "reweighting_mode": "none",
    "manual_group_weights": null,
    "model": "XGBoost",
    "calibration": "None"
  },
  "overall_metrics": {
    "roc_auc": 0.9187256691169409,
    "accuracy": 0.7588769611890999,
    "precision": 0.6553323029366306,
    "recall": 0.8600405679513184,
    "log_loss": 0.37654669341319597
  },
  "by_group": {
    "A": {
      "support": 632,
      "roc_auc": 0.978472643648791,
      "log_loss": 0.24795386379118098,
      "accuracy": 0.8939873417721519,
      "precision": 0.9794117647058823,
      "recall": 0.8473282442748091,
      "FPR": 0.029288702928870293,
      "approval_rate": 0.5379746835443038
    },
    "B": {
      "support": 579,
      "roc_auc": 0.9180584551148224,
      "log_loss": 0.516910541981613,
      "accuracy": 0.6113989637305699,
      "precision": 0.2964169381107492,
      "recall": 0.91,
      "FPR": 0.4509394572025052,
      "approval_rate": 0.5302245250431779
    }
  },
  "bias_metrics": {
    "SPD": -0.0077501585011259255,
    "EOD": 0.0626717557251909,
    "AOD": 0.2421612549994129,
    "PrecisionDiff": -0.6829948265951331
  }
}