{
  "meta": {
    "mode": "static",
    "representation_bias": 0.5,
    "label_bias": 0.0,
    "seed": 42,
    "reweighting_enabled": false,
    "reweighting_mode": "none",
    "manual_group_weights": null,
    "model": "XGBoost",
    "calibration": "Isotonic"
  },
  "overall_metrics": {
    "roc_auc": 0.9853209557764131,
    "accuracy": 0.9504541701073493,
    "precision": 0.94824016563147,
    "recall": 0.9290060851926978,
    "log_loss": 0.19279372149412277
  },
  "by_group": {
    "A": {
      "support": 632,
      "roc_auc": 0.9798513739393359,
      "log_loss": 0.17427997641134196,
      "accuracy": 0.935126582278481,
      "precision": 0.9422110552763819,
      "recall": 0.9541984732824428,
      "FPR": 0.09623430962343096,
      "approval_rate": 0.629746835443038
    },
    "B": {
      "support": 579,
      "roc_auc": 0.9760542797494782,
      "log_loss": 0.2130021617226503,
      "accuracy": 0.9671848013816926,
      "precision": 0.9764705882352941,
      "recall": 0.83,
      "FPR": 0.0041753653444676405,
      "approval_rate": 0.14680483592400692
    }
  },
  "bias_metrics": {
    "SPD": -0.48294199951903105,
    "EOD": -0.12419847328244282,
    "AOD": 0.10812870878070308,
    "PrecisionDiff": 0.03425953295891215
  }
}