{
  "meta": {
    "mode": "static",
    "representation_bias": 0.7,
    "label_bias": 0.0,
    "seed": 42,
    "reweighting_enabled": true,
    "reweighting_mode": "manual",
    "manual_group_weights": {
      "A": 1.5,
      "B": 0.5
    },
    "model": "XGBoost",
    "calibration": "Isotonic"
  },
  "overall_metrics": {
    "roc_auc": 0.9747927134323853,
    "accuracy": 0.9310910582444627,
    "precision": 0.924114671163575,
    "recall": 0.9335604770017035,
    "log_loss": 0.19443413418810504
  },
  "by_group": {
    "A": {
      "support": 881,
      "roc_auc": 0.9719582664526484,
      "log_loss": 0.20224670593937122,
      "accuracy": 0.9284903518728718,
      "precision": 0.9358490566037736,
      "recall": 0.9447619047619048,
      "FPR": 0.09550561797752809,
      "approval_rate": 0.601589103291714
    },
    "B": {
      "support": 338,
      "roc_auc": 0.9658426834969611,
      "log_loss": 0.17407059657607704,
      "accuracy": 0.9378698224852071,
      "precision": 0.8253968253968254,
      "recall": 0.8387096774193549,
      "FPR": 0.03985507246376811,
      "approval_rate": 0.1863905325443787
    }
  },
  "bias_metrics": {
    "SPD": -0.4151985707473353,
    "EOD": -0.10605222734254993,
    "AOD": 0.08085138642815495,
    "PrecisionDiff": -0.11045223120694825
  }
}