{
  "meta": {
    "mode": "static",
    "representation_bias": 0.7,
    "label_bias": 0.4,
    "seed": 42,
    "reweighting_enabled": false,
    "reweighting_mode": "none",
    "manual_group_weights": null,
    "model": "XGBoost",
    "calibration": "None"
  },
  "overall_metrics": {
    "roc_auc": 0.9824367535032446,
    "accuracy": 0.9402744148506861,
    "precision": 0.9472868217054263,
    "recall": 0.9385560675883257,
    "log_loss": 0.1689974034272795
  },
  "by_group": {
    "A": {
      "support": 890,
      "roc_auc": 0.9749115528976527,
      "log_loss": 0.17626385011174292,
      "accuracy": 0.9382022471910112,
      "precision": 0.9579288025889967,
      "recall": 0.9533011272141707,
      "FPR": 0.09665427509293681,
      "approval_rate": 0.6943820224719102
    },
    "B": {
      "support": 349,
      "roc_auc": 0.9497387669801463,
      "log_loss": 0.15046692334369086,
      "accuracy": 0.9455587392550143,
      "precision": 0.7037037037037037,
      "recall": 0.6333333333333333,
      "FPR": 0.025078369905956112,
      "approval_rate": 0.07736389684813753
    }
  },
  "bias_metrics": {
    "SPD": -0.6170181256237727,
    "EOD": -0.3199677938808374,
    "AOD": 0.19577184953390905,
    "PrecisionDiff": -0.254225098885293
  }
}