{
  "meta": {
    "mode": "static",
    "representation_bias": 0.5,
    "label_bias": 0.0,
    "seed": 42,
    "reweighting_enabled": true,
    "reweighting_mode": "manual",
    "manual_group_weights": {
      "A": 0.5,
      "B": 1.5
    },
    "model": "XGBoost",
    "calibration": "Isotonic"
  },
  "overall_metrics": {
    "roc_auc": 0.9850836502115975,
    "accuracy": 0.9397192402972749,
    "precision": 0.9375,
    "recall": 0.9127789046653144,
    "log_loss": 0.15122684839603986
  },
  "by_group": {
    "A": {
      "support": 632,
      "roc_auc": 0.974080935194353,
      "log_loss": 0.19571604049950472,
      "accuracy": 0.9208860759493671,
      "precision": 0.9319899244332494,
      "recall": 0.9414758269720102,
      "FPR": 0.11297071129707113,
      "approval_rate": 0.6281645569620253
    },
    "B": {
      "support": 579,
      "roc_auc": 0.9860751565762005,
      "log_loss": 0.10266524319847543,
      "accuracy": 0.9602763385146805,
      "precision": 0.963855421686747,
      "recall": 0.8,
      "FPR": 0.006263048016701462,
      "approval_rate": 0.14335060449050085
    }
  },
  "bias_metrics": {
    "SPD": -0.4848139524715245,
    "EOD": -0.1414758269720101,
    "AOD": 0.1240917451261899,
    "PrecisionDiff": 0.03186549725349763
  }
}