{
  "meta": {
    "mode": "static",
    "representation_bias": 0.7,
    "label_bias": 0.5,
    "seed": 42,
    "reweighting_enabled": true,
    "reweighting_mode": "manual",
    "manual_group_weights": {
      "A": 1.5,
      "B": 0.5
    },
    "model": "XGBoost",
    "calibration": "Isotonic"
  },
  "overall_metrics": {
    "roc_auc": 0.9772355204379374,
    "accuracy": 0.9350441058540497,
    "precision": 0.9204052098408104,
    "recall": 0.9607250755287009,
    "log_loss": 0.18797777323535547
  },
  "by_group": {
    "A": {
      "support": 887,
      "roc_auc": 0.9713338458581587,
      "log_loss": 0.16672544661684607,
      "accuracy": 0.9447576099210823,
      "precision": 0.9542682926829268,
      "recall": 0.9705426356589147,
      "FPR": 0.12396694214876033,
      "approval_rate": 0.7395715896279594
    },
    "B": {
      "support": 360,
      "roc_auc": 0.8628880123477962,
      "log_loss": 0.2403411446537385,
      "accuracy": 0.9111111111111111,
      "precision": 0.2857142857142857,
      "recall": 0.5882352941176471,
      "FPR": 0.0728862973760933,
      "approval_rate": 0.09722222222222222
    }
  },
  "bias_metrics": {
    "SPD": -0.6423493674057372,
    "EOD": -0.38230734154126766,
    "AOD": 0.21669399315696736,
    "PrecisionDiff": -0.6685540069686411
  }
}