{
  "meta": {
    "mode": "static",
    "representation_bias": 0.8,
    "label_bias": 0.4,
    "seed": 42,
    "reweighting_enabled": false,
    "reweighting_mode": "none",
    "manual_group_weights": null,
    "model": "XGBoost",
    "calibration": "None"
  },
  "overall_metrics": {
    "roc_auc": 0.8719021106469947,
    "accuracy": 0.8313349320543565,
    "precision": 0.793918918918919,
    "recall": 0.9618008185538881,
    "log_loss": 0.5872138547289544
  },
  "by_group": {
    "A": {
      "support": 1017,
      "roc_auc": 0.9758479984348943,
      "log_loss": 0.16721370958440163,
      "accuracy": 0.9459193706981318,
      "precision": 0.9585062240663901,
      "recall": 0.9651810584958217,
      "FPR": 0.10033444816053512,
      "approval_rate": 0.7109144542772862
    },
    "B": {
      "support": 234,
      "roc_auc": 0.6870624048706241,
      "log_loss": 2.4125991009341257,
      "accuracy": 0.3333333333333333,
      "precision": 0.07272727272727272,
      "recall": 0.8,
      "FPR": 0.6986301369863014,
      "approval_rate": 0.7051282051282052
    }
  },
  "bias_metrics": {
    "SPD": -0.005786249149080991,
    "EOD": -0.16518105849582165,
    "AOD": 0.38173837366079394,
    "PrecisionDiff": -0.8857789513391173
  }
}