{
  "meta": {
    "mode": "static",
    "representation_bias": 0.6,
    "label_bias": 0.0,
    "seed": 42,
    "reweighting_enabled": true,
    "reweighting_mode": "manual",
    "manual_group_weights": {
      "A": 0.5,
      "B": 1.5
    },
    "model": "XGBoost",
    "calibration": "Isotonic"
  },
  "overall_metrics": {
    "roc_auc": 0.9783115880177214,
    "accuracy": 0.933931484502447,
    "precision": 0.915129151291513,
    "recall": 0.9340866290018832,
    "log_loss": 0.18435251733995128
  },
  "by_group": {
    "A": {
      "support": 771,
      "roc_auc": 0.9719049937404367,
      "log_loss": 0.20849132861107691,
      "accuracy": 0.9260700389105059,
      "precision": 0.9252136752136753,
      "recall": 0.9516483516483516,
      "FPR": 0.11075949367088607,
      "approval_rate": 0.6070038910505836
    },
    "B": {
      "support": 455,
      "roc_auc": 0.9710283293986947,
      "log_loss": 0.14344916901019777,
      "accuracy": 0.9472527472527472,
      "precision": 0.8513513513513513,
      "recall": 0.8289473684210527,
      "FPR": 0.029023746701846966,
      "approval_rate": 0.16263736263736264
    }
  },
  "bias_metrics": {
    "SPD": -0.444366528413221,
    "EOD": -0.12270098322729894,
    "AOD": 0.10221836509816902,
    "PrecisionDiff": -0.07386232386232394
  }
}