{
  "meta": {
    "mode": "static",
    "representation_bias": 0.6,
    "label_bias": 0.4,
    "seed": 42,
    "reweighting_enabled": true,
    "reweighting_mode": "manual",
    "manual_group_weights": {
      "A": 1.5,
      "B": 0.5
    },
    "model": "XGBoost",
    "calibration": "Isotonic"
  },
  "overall_metrics": {
    "roc_auc": 0.9716718845529484,
    "accuracy": 0.9173419773095624,
    "precision": 0.8858520900321544,
    "recall": 0.9467353951890034,
    "log_loss": 0.3611804258024656
  },
  "by_group": {
    "A": {
      "support": 771,
      "roc_auc": 0.9627222537955671,
      "log_loss": 0.40439455335467844,
      "accuracy": 0.9286640726329443,
      "precision": 0.9298245614035088,
      "recall": 0.9724770642201835,
      "FPR": 0.17699115044247787,
      "approval_rate": 0.7392996108949417
    },
    "B": {
      "support": 463,
      "roc_auc": 0.8779977160258852,
      "log_loss": 0.28921910324791683,
      "accuracy": 0.8984881209503239,
      "precision": 0.40384615384615385,
      "recall": 0.5675675675675675,
      "FPR": 0.07276995305164319,
      "approval_rate": 0.11231101511879049
    }
  },
  "bias_metrics": {
    "SPD": -0.6269885957761512,
    "EOD": -0.404909496652616,
    "AOD": 0.25456534702172534,
    "PrecisionDiff": -0.5259784075573549
  }
}