{
  "meta": {
    "mode": "static",
    "representation_bias": 0.6,
    "label_bias": 0.5,
    "seed": 42,
    "reweighting_enabled": true,
    "reweighting_mode": "manual",
    "manual_group_weights": {
      "A": 1.5,
      "B": 0.5
    },
    "model": "XGBoost",
    "calibration": "Isotonic"
  },
  "overall_metrics": {
    "roc_auc": 0.9808369579543956,
    "accuracy": 0.9223928860145514,
    "precision": 0.8857615894039735,
    "recall": 0.9519572953736655,
    "log_loss": 0.1995759946187527
  },
  "by_group": {
    "A": {
      "support": 776,
      "roc_auc": 0.9838963834121219,
      "log_loss": 0.16685080088832877,
      "accuracy": 0.9381443298969072,
      "precision": 0.9351351351351351,
      "recall": 0.9774011299435028,
      "FPR": 0.1469387755102041,
      "approval_rate": 0.7152061855670103
    },
    "B": {
      "support": 461,
      "roc_auc": 0.8742685671417854,
      "log_loss": 0.2546622209415488,
      "accuracy": 0.89587852494577,
      "precision": 0.32653061224489793,
      "recall": 0.5161290322580645,
      "FPR": 0.07674418604651163,
      "approval_rate": 0.10629067245119306
    }
  },
  "bias_metrics": {
    "SPD": -0.6089155131158173,
    "EOD": -0.4612720976854383,
    "AOD": 0.2657333435745654,
    "PrecisionDiff": -0.6086045228902373
  }
}