{
  "meta": {
    "mode": "static",
    "representation_bias": 0.8,
    "label_bias": 0.4,
    "seed": 42,
    "reweighting_enabled": false,
    "reweighting_mode": "none",
    "manual_group_weights": null,
    "model": "XGBoost",
    "calibration": "None"
  },
  "overall_metrics": {
    "roc_auc": 0.9797468487782267,
    "accuracy": 0.9480415667466027,
    "precision": 0.9513513513513514,
    "recall": 0.9604365620736699,
    "log_loss": 0.16740075428188167
  },
  "by_group": {
    "A": {
      "support": 1017,
      "roc_auc": 0.974445924669977,
      "log_loss": 0.16555438069474793,
      "accuracy": 0.951819075712881,
      "precision": 0.9665271966527197,
      "recall": 0.9651810584958217,
      "FPR": 0.0802675585284281,
      "approval_rate": 0.7050147492625368
    },
    "B": {
      "support": 234,
      "roc_auc": 0.917199391171994,
      "log_loss": 0.17542537794903984,
      "accuracy": 0.9316239316239316,
      "precision": 0.4782608695652174,
      "recall": 0.7333333333333333,
      "FPR": 0.0547945205479452,
      "approval_rate": 0.09829059829059829
    }
  },
  "bias_metrics": {
    "SPD": -0.6067241509719385,
    "EOD": -0.23184772516248842,
    "AOD": 0.12866038157148565,
    "PrecisionDiff": -0.4882663270875023
  }
}