{
  "meta": {
    "mode": "static",
    "representation_bias": 0.6,
    "label_bias": 0.6,
    "seed": 42,
    "reweighting_enabled": false,
    "reweighting_mode": "none",
    "manual_group_weights": null,
    "model": "XGBoost",
    "calibration": "Isotonic"
  },
  "overall_metrics": {
    "roc_auc": 0.9804693776982656,
    "accuracy": 0.9379084967320261,
    "precision": 0.919732441471572,
    "recall": 0.9515570934256056,
    "log_loss": 0.17663273226836762
  },
  "by_group": {
    "A": {
      "support": 763,
      "roc_auc": 0.9658798846052977,
      "log_loss": 0.18757668441603195,
      "accuracy": 0.9331585845347313,
      "precision": 0.9408695652173913,
      "recall": 0.9695340501792115,
      "FPR": 0.16585365853658537,
      "approval_rate": 0.7536041939711664
    },
    "B": {
      "support": 461,
      "roc_auc": 0.8957482993197279,
      "log_loss": 0.15851942318232018,
      "accuracy": 0.9457700650759219,
      "precision": 0.391304347826087,
      "recall": 0.45,
      "FPR": 0.031746031746031744,
      "approval_rate": 0.049891540130151846
    }
  },
  "bias_metrics": {
    "SPD": -0.7037126538410146,
    "EOD": -0.5195340501792114,
    "AOD": 0.3268208384848825,
    "PrecisionDiff": -0.5495652173913044
  }
}