{
  "meta": {
    "mode": "static",
    "representation_bias": 0.5,
    "label_bias": 0.0,
    "seed": 42,
    "reweighting_enabled": true,
    "reweighting_mode": "manual",
    "manual_group_weights": {
      "A": 1.5,
      "B": 0.5
    },
    "model": "XGBoost",
    "calibration": "Isotonic"
  },
  "overall_metrics": {
    "roc_auc": 0.9831315294343652,
    "accuracy": 0.9512799339388934,
    "precision": 0.9696969696969697,
    "recall": 0.9087221095334685,
    "log_loss": 0.22501577357968905
  },
  "by_group": {
    "A": {
      "support": 632,
      "roc_auc": 0.9811289618533542,
      "log_loss": 0.20827067590562148,
      "accuracy": 0.9462025316455697,
      "precision": 0.9711286089238845,
      "recall": 0.9414758269720102,
      "FPR": 0.04602510460251046,
      "approval_rate": 0.6028481012658228
    },
    "B": {
      "support": 579,
      "roc_auc": 0.9668684759916493,
      "log_loss": 0.2432936694864432,
      "accuracy": 0.9568221070811744,
      "precision": 0.9629629629629629,
      "recall": 0.78,
      "FPR": 0.006263048016701462,
      "approval_rate": 0.13989637305699482
    }
  },
  "bias_metrics": {
    "SPD": -0.46295172820882796,
    "EOD": -0.16147582697201013,
    "AOD": 0.10061894177890957,
    "PrecisionDiff": -0.00816564596092162
  }
}