{
  "meta": {
    "mode": "static",
    "representation_bias": 0.7,
    "label_bias": 0.0,
    "seed": 42,
    "reweighting_enabled": true,
    "reweighting_mode": "manual",
    "manual_group_weights": {
      "A": 0.5,
      "B": 1.5
    },
    "model": "XGBoost",
    "calibration": "Isotonic"
  },
  "overall_metrics": {
    "roc_auc": 0.9757631056864987,
    "accuracy": 0.9319114027891715,
    "precision": 0.9344827586206896,
    "recall": 0.9233390119250426,
    "log_loss": 0.19319853777320098
  },
  "by_group": {
    "A": {
      "support": 881,
      "roc_auc": 0.9702621722846442,
      "log_loss": 0.20726208301541213,
      "accuracy": 0.927355278093076,
      "precision": 0.9407265774378585,
      "recall": 0.9371428571428572,
      "FPR": 0.08707865168539326,
      "approval_rate": 0.5936435868331441
    },
    "B": {
      "support": 338,
      "roc_auc": 0.9724170172978027,
      "log_loss": 0.15654178227501164,
      "accuracy": 0.9437869822485208,
      "precision": 0.8771929824561403,
      "recall": 0.8064516129032258,
      "FPR": 0.025362318840579712,
      "approval_rate": 0.16863905325443787
    }
  },
  "bias_metrics": {
    "SPD": -0.42500453357870627,
    "EOD": -0.1306912442396314,
    "AOD": 0.09620378854222247,
    "PrecisionDiff": -0.06353359498171818
  }
}