{
  "meta": {
    "mode": "static",
    "representation_bias": 0.8,
    "label_bias": 0.5,
    "seed": 42,
    "reweighting_enabled": false,
    "reweighting_mode": "none",
    "manual_group_weights": null,
    "model": "XGBoost",
    "calibration": "Isotonic"
  },
  "overall_metrics": {
    "roc_auc": 0.9781402705002703,
    "accuracy": 0.943593875906527,
    "precision": 0.9421265141318977,
    "recall": 0.9628610729023384,
    "log_loss": 0.19548743977996966
  },
  "by_group": {
    "A": {
      "support": 1007,
      "roc_auc": 0.9715713583483533,
      "log_loss": 0.1967469896446259,
      "accuracy": 0.9483614697120158,
      "precision": 0.9561643835616438,
      "recall": 0.9721448467966574,
      "FPR": 0.11072664359861592,
      "approval_rate": 0.7249255213505462
    },
    "B": {
      "support": 234,
      "roc_auc": 0.8333333333333333,
      "log_loss": 0.19006706920856456,
      "accuracy": 0.9230769230769231,
      "precision": 0.15384615384615385,
      "recall": 0.2222222222222222,
      "FPR": 0.04888888888888889,
      "approval_rate": 0.05555555555555555
    }
  },
  "bias_metrics": {
    "SPD": -0.6693699657949906,
    "EOD": -0.7499226245744351,
    "AOD": 0.4058801896420811,
    "PrecisionDiff": -0.8023182297154899
  }
}