{
  "meta": {
    "mode": "static",
    "representation_bias": 0.6,
    "label_bias": 0.6,
    "seed": 42,
    "reweighting_enabled": false,
    "reweighting_mode": "none",
    "manual_group_weights": null,
    "model": "XGBoost",
    "calibration": "None"
  },
  "overall_metrics": {
    "roc_auc": 0.9821097624990627,
    "accuracy": 0.9387254901960784,
    "precision": 0.9198664440734557,
    "recall": 0.9532871972318339,
    "log_loss": 0.17350563865765742
  },
  "by_group": {
    "A": {
      "support": 763,
      "roc_auc": 0.9688521723926916,
      "log_loss": 0.18478273217488136,
      "accuracy": 0.9344692005242464,
      "precision": 0.9409722222222222,
      "recall": 0.9713261648745519,
      "FPR": 0.16585365853658537,
      "approval_rate": 0.7549148099606815
    },
    "B": {
      "support": 461,
      "roc_auc": 0.9001133786848071,
      "log_loss": 0.15484094808576618,
      "accuracy": 0.9457700650759219,
      "precision": 0.391304347826087,
      "recall": 0.45,
      "FPR": 0.031746031746031744,
      "approval_rate": 0.049891540130151846
    }
  },
  "bias_metrics": {
    "SPD": -0.7050232698305297,
    "EOD": -0.521326164874552,
    "AOD": 0.3277168958325528,
    "PrecisionDiff": -0.5496678743961352
  }
}