{
  "meta": {
    "mode": "static",
    "representation_bias": 0.7,
    "label_bias": 0.0,
    "seed": 42,
    "reweighting_enabled": false,
    "reweighting_mode": "none",
    "manual_group_weights": null,
    "model": "XGBoost",
    "calibration": "None"
  },
  "overall_metrics": {
    "roc_auc": 0.9779855735018221,
    "accuracy": 0.9343724364232978,
    "precision": 0.927487352445194,
    "recall": 0.9369676320272572,
    "log_loss": 0.18709072730367055
  },
  "by_group": {
    "A": {
      "support": 881,
      "roc_auc": 0.9752006420545747,
      "log_loss": 0.19331795417627617,
      "accuracy": 0.9296254256526674,
      "precision": 0.9343339587242027,
      "recall": 0.9485714285714286,
      "FPR": 0.09831460674157304,
      "approval_rate": 0.604994324631101
    },
    "B": {
      "support": 338,
      "roc_auc": 0.9663978494623657,
      "log_loss": 0.17085940518897955,
      "accuracy": 0.9467455621301775,
      "precision": 0.8666666666666667,
      "recall": 0.8387096774193549,
      "FPR": 0.028985507246376812,
      "approval_rate": 0.17751479289940827
    }
  },
  "bias_metrics": {
    "SPD": -0.42747953173169273,
    "EOD": -0.10986175115207375,
    "AOD": 0.08959542532363499,
    "PrecisionDiff": -0.06766729205753597
  }
}