{
  "meta": {
    "mode": "static",
    "representation_bias": 0.8,
    "label_bias": 0.0,
    "seed": 42,
    "reweighting_enabled": false,
    "reweighting_mode": "none",
    "manual_group_weights": null,
    "model": "XGBoost",
    "calibration": "None"
  },
  "overall_metrics": {
    "roc_auc": 0.9479523968068384,
    "accuracy": 0.8924558587479936,
    "precision": 0.8662873399715505,
    "recall": 0.938366718027735,
    "log_loss": 0.34620224774382885
  },
  "by_group": {
    "A": {
      "support": 1030,
      "roc_auc": 0.9668954788526982,
      "log_loss": 0.23144736766759663,
      "accuracy": 0.925242718446602,
      "precision": 0.9327868852459016,
      "recall": 0.9404958677685951,
      "FPR": 0.09647058823529411,
      "approval_rate": 0.5922330097087378
    },
    "B": {
      "support": 216,
      "roc_auc": 0.8833245243128963,
      "log_loss": 0.8934130184777139,
      "accuracy": 0.7361111111111112,
      "precision": 0.43010752688172044,
      "recall": 0.9090909090909091,
      "FPR": 0.3081395348837209,
      "approval_rate": 0.4305555555555556
    }
  },
  "bias_metrics": {
    "SPD": -0.16167745415318224,
    "EOD": -0.031404958677686,
    "AOD": 0.1215369526630564,
    "PrecisionDiff": -0.5026793583641811
  }
}