{
  "meta": {
    "mode": "static",
    "representation_bias": 0.5,
    "label_bias": 0.6,
    "seed": 42,
    "reweighting_enabled": false,
    "reweighting_mode": "none",
    "manual_group_weights": null,
    "model": "XGBoost",
    "calibration": "Isotonic"
  },
  "overall_metrics": {
    "roc_auc": 0.9741183940051363,
    "accuracy": 0.9176954732510288,
    "precision": 0.9012875536480687,
    "recall": 0.8860759493670886,
    "log_loss": 0.2994749989439162
  },
  "by_group": {
    "A": {
      "support": 618,
      "roc_auc": 0.951104121362742,
      "log_loss": 0.39599265881917933,
      "accuracy": 0.8964401294498382,
      "precision": 0.9279279279279279,
      "recall": 0.9279279279279279,
      "FPR": 0.1839080459770115,
      "approval_rate": 0.7184466019417476
    },
    "B": {
      "support": 597,
      "roc_auc": 0.889212228101117,
      "log_loss": 0.1995622455052016,
      "accuracy": 0.9396984924623115,
      "precision": 0.36363636363636365,
      "recall": 0.26666666666666666,
      "FPR": 0.024691358024691357,
      "approval_rate": 0.03685092127303183
    }
  },
  "bias_metrics": {
    "SPD": -0.6815956806687158,
    "EOD": -0.6612612612612612,
    "AOD": 0.41023897460679065,
    "PrecisionDiff": -0.5642915642915642
  }
}