{
  "meta": {
    "mode": "static",
    "representation_bias": 0.7,
    "label_bias": 0.4,
    "seed": 42,
    "reweighting_enabled": false,
    "reweighting_mode": "none",
    "manual_group_weights": null,
    "model": "XGBoost",
    "calibration": "None"
  },
  "overall_metrics": {
    "roc_auc": 0.8797062603843382,
    "accuracy": 0.7804681194511703,
    "precision": 0.7195828505214369,
    "recall": 0.9539170506912442,
    "log_loss": 0.7595725327582944
  },
  "by_group": {
    "A": {
      "support": 890,
      "roc_auc": 0.9758513968955217,
      "log_loss": 0.1751209271279933,
      "accuracy": 0.9359550561797753,
      "precision": 0.950479233226837,
      "recall": 0.9581320450885669,
      "FPR": 0.11524163568773234,
      "approval_rate": 0.7033707865168539
    },
    "B": {
      "support": 349,
      "roc_auc": 0.7741901776384535,
      "log_loss": 2.250007859437286,
      "accuracy": 0.3839541547277937,
      "precision": 0.10970464135021098,
      "recall": 0.8666666666666667,
      "FPR": 0.6614420062695925,
      "approval_rate": 0.6790830945558739
    }
  },
  "bias_metrics": {
    "SPD": -0.024287691960980018,
    "EOD": -0.09146537842190017,
    "AOD": 0.31883287450188014,
    "PrecisionDiff": -0.8407745918766261
  }
}