{
  "meta": {
    "mode": "static",
    "representation_bias": 0.6,
    "label_bias": 0.4,
    "seed": 42,
    "reweighting_enabled": false,
    "reweighting_mode": "none",
    "manual_group_weights": null,
    "model": "XGBoost",
    "calibration": "None"
  },
  "overall_metrics": {
    "roc_auc": 0.9789439841460588,
    "accuracy": 0.9278768233387358,
    "precision": 0.9128978224455612,
    "recall": 0.936426116838488,
    "log_loss": 0.1838779420837653
  },
  "by_group": {
    "A": {
      "support": 771,
      "roc_auc": 0.9658033612080864,
      "log_loss": 0.1995664513496619,
      "accuracy": 0.9247730220492867,
      "precision": 0.9355992844364938,
      "recall": 0.9596330275229358,
      "FPR": 0.1592920353982301,
      "approval_rate": 0.7250324254215305
    },
    "B": {
      "support": 463,
      "roc_auc": 0.9328130947849258,
      "log_loss": 0.15775301628677557,
      "accuracy": 0.9330453563714903,
      "precision": 0.5789473684210527,
      "recall": 0.5945945945945946,
      "FPR": 0.03755868544600939,
      "approval_rate": 0.08207343412526998
    }
  },
  "bias_metrics": {
    "SPD": -0.6429589912962604,
    "EOD": -0.36503843292834115,
    "AOD": 0.24338589144028092,
    "PrecisionDiff": -0.3566519160154411
  }
}