{
  "meta": {
    "mode": "static",
    "representation_bias": 0.8,
    "label_bias": 0.6,
    "seed": 42,
    "reweighting_enabled": true,
    "reweighting_mode": "auto",
    "manual_group_weights": {
      "A": 0.9999999999999999,
      "B": 1.0
    },
    "model": "XGBoost",
    "calibration": "Isotonic"
  },
  "overall_metrics": {
    "roc_auc": 0.9708101956590295,
    "accuracy": 0.9087237479806138,
    "precision": 0.8821428571428571,
    "recall": 0.9814569536423841,
    "log_loss": 0.21924298629316494
  },
  "by_group": {
    "A": {
      "support": 1016,
      "roc_auc": 0.9659011164274323,
      "log_loss": 0.19774676187785015,
      "accuracy": 0.9291338582677166,
      "precision": 0.9196988707653702,
      "recall": 0.9892037786774629,
      "FPR": 0.23272727272727273,
      "approval_rate": 0.7844488188976378
    },
    "B": {
      "support": 222,
      "roc_auc": 0.8303571428571429,
      "log_loss": 0.31762210343712793,
      "accuracy": 0.8153153153153153,
      "precision": 0.18604651162790697,
      "recall": 0.5714285714285714,
      "FPR": 0.16826923076923078,
      "approval_rate": 0.19369369369369369
    }
  },
  "bias_metrics": {
    "SPD": -0.5907551252039441,
    "EOD": -0.4177752072488915,
    "AOD": 0.24111662460346672,
    "PrecisionDiff": -0.7336523591374632
  }
}