{
  "meta": {
    "mode": "static",
    "representation_bias": 0.8,
    "label_bias": 0.5,
    "seed": 42,
    "reweighting_enabled": true,
    "reweighting_mode": "manual",
    "manual_group_weights": {
      "A": 1.5,
      "B": 0.5
    },
    "model": "XGBoost",
    "calibration": "Isotonic"
  },
  "overall_metrics": {
    "roc_auc": 0.9771113097372605,
    "accuracy": 0.9363416599516519,
    "precision": 0.9251968503937008,
    "recall": 0.9697386519944979,
    "log_loss": 0.1788810495058052
  },
  "by_group": {
    "A": {
      "support": 1007,
      "roc_auc": 0.9709087141328759,
      "log_loss": 0.17006922167894226,
      "accuracy": 0.9443892750744787,
      "precision": 0.9448924731182796,
      "recall": 0.979108635097493,
      "FPR": 0.14186851211072665,
      "approval_rate": 0.7388282025819265
    },
    "B": {
      "support": 234,
      "roc_auc": 0.83679012345679,
      "log_loss": 0.21680203506841617,
      "accuracy": 0.9017094017094017,
      "precision": 0.1111111111111111,
      "recall": 0.2222222222222222,
      "FPR": 0.07111111111111111,
      "approval_rate": 0.07692307692307693
    }
  },
  "bias_metrics": {
    "SPD": -0.6619051256588495,
    "EOD": -0.7568864128752708,
    "AOD": 0.4138219069374432,
    "PrecisionDiff": -0.8337813620071686
  }
}
