{
  "meta": {
    "mode": "static",
    "representation_bias": 0.5,
    "label_bias": 0.0,
    "seed": 42,
    "reweighting_enabled": true,
    "reweighting_mode": "auto",
    "manual_group_weights": {
      "A": 0.9999999999999997,
      "B": 0.9999999999999998
    },
    "model": "XGBoost",
    "calibration": "Isotonic"
  },
  "overall_metrics": {
    "roc_auc": 0.9849339217004639,
    "accuracy": 0.9438480594549958,
    "precision": 0.9363449691991786,
    "recall": 0.9249492900608519,
    "log_loss": 0.1739668266855196
  },
  "by_group": {
    "A": {
      "support": 632,
      "roc_auc": 0.9796863521671085,
      "log_loss": 0.18178803760089465,
      "accuracy": 0.9319620253164557,
      "precision": 0.9510309278350515,
      "recall": 0.9389312977099237,
      "FPR": 0.0794979079497908,
      "approval_rate": 0.6139240506329114
    },
    "B": {
      "support": 579,
      "roc_auc": 0.9770563674321502,
      "log_loss": 0.1654296845464574,
      "accuracy": 0.9568221070811744,
      "precision": 0.8787878787878788,
      "recall": 0.87,
      "FPR": 0.025052192066805846,
      "approval_rate": 0.17098445595854922
    }
  },
  "bias_metrics": {
    "SPD": -0.4429395946743622,
    "EOD": -0.06893129770992368,
    "AOD": 0.06168850679645431,
    "PrecisionDiff": -0.07224304904717271
  }
}