{
  "meta": {
    "mode": "static",
    "representation_bias": 0.5,
    "label_bias": 0.4,
    "seed": 42,
    "reweighting_enabled": true,
    "reweighting_mode": "manual",
    "manual_group_weights": {
      "A": 1.5,
      "B": 0.5
    },
    "model": "XGBoost",
    "calibration": "Isotonic"
  },
  "overall_metrics": {
    "roc_auc": 0.9765495459928939,
    "accuracy": 0.9312039312039312,
    "precision": 0.9049586776859504,
    "recall": 0.9201680672268907,
    "log_loss": 0.33900140698813075
  },
  "by_group": {
    "A": {
      "support": 616,
      "roc_auc": 0.9691968135078439,
      "log_loss": 0.24796295929055948,
      "accuracy": 0.9253246753246753,
      "precision": 0.9415730337078652,
      "recall": 0.9544419134396356,
      "FPR": 0.14689265536723164,
      "approval_rate": 0.7224025974025974
    },
    "B": {
      "support": 605,
      "roc_auc": 0.8705034259611724,
      "log_loss": 0.43169509918929433,
      "accuracy": 0.9371900826446281,
      "precision": 0.48717948717948717,
      "recall": 0.5135135135135135,
      "FPR": 0.035211267605633804,
      "approval_rate": 0.06446280991735537
    }
  },
  "bias_metrics": {
    "SPD": -0.657939787485242,
    "EOD": -0.4409283999261221,
    "AOD": 0.27630489384386,
    "PrecisionDiff": -0.454393546528378
  }
}