{
  "meta": {
    "mode": "static",
    "representation_bias": 0.5,
    "label_bias": 0.4,
    "seed": 42,
    "reweighting_enabled": false,
    "reweighting_mode": "none",
    "manual_group_weights": null,
    "model": "XGBoost",
    "calibration": "Isotonic"
  },
  "overall_metrics": {
    "roc_auc": 0.9776450848795893,
    "accuracy": 0.9369369369369369,
    "precision": 0.92,
    "recall": 0.9180672268907563,
    "log_loss": 0.3018267697615567
  },
  "by_group": {
    "A": {
      "support": 616,
      "roc_auc": 0.9645058749340437,
      "log_loss": 0.262021216748874,
      "accuracy": 0.9204545454545454,
      "precision": 0.9411764705882353,
      "recall": 0.9476082004555809,
      "FPR": 0.14689265536723164,
      "approval_rate": 0.7175324675324676
    },
    "B": {
      "support": 605,
      "roc_auc": 0.8886800532927294,
      "log_loss": 0.34235606010174285,
      "accuracy": 0.9537190082644628,
      "precision": 0.6363636363636364,
      "recall": 0.5675675675675675,
      "FPR": 0.02112676056338028,
      "approval_rate": 0.05454545454545454
    }
  },
  "bias_metrics": {
    "SPD": -0.662987012987013,
    "EOD": -0.3800406328880134,
    "AOD": 0.25290326384593237,
    "PrecisionDiff": -0.3048128342245989
  }
}