{
  "meta": {
    "mode": "static",
    "representation_bias": 0.8,
    "label_bias": 0.0,
    "seed": 42,
    "reweighting_enabled": true,
    "reweighting_mode": "manual",
    "manual_group_weights": {
      "A": 1.5,
      "B": 0.5
    },
    "model": "XGBoost",
    "calibration": "Isotonic"
  },
  "overall_metrics": {
    "roc_auc": 0.969404030940527,
    "accuracy": 0.9189406099518459,
    "precision": 0.9101796407185628,
    "recall": 0.9368258859784283,
    "log_loss": 0.4432624137470182
  },
  "by_group": {
    "A": {
      "support": 1030,
      "roc_auc": 0.9662654350996598,
      "log_loss": 0.43970069292730324,
      "accuracy": 0.9174757281553398,
      "precision": 0.9180064308681672,
      "recall": 0.943801652892562,
      "FPR": 0.12,
      "approval_rate": 0.6038834951456311
    },
    "B": {
      "support": 216,
      "roc_auc": 0.9537526427061311,
      "log_loss": 0.4602465454336219,
      "accuracy": 0.9259259259259259,
      "precision": 0.8043478260869565,
      "recall": 0.8409090909090909,
      "FPR": 0.05232558139534884,
      "approval_rate": 0.21296296296296297
    }
  },
  "bias_metrics": {
    "SPD": -0.39092053218266815,
    "EOD": -0.10289256198347108,
    "AOD": 0.08528349029406111,
    "PrecisionDiff": -0.1136586047812107
  }
}