{
  "meta": {
    "mode": "static",
    "representation_bias": 0.6,
    "label_bias": 0.5,
    "seed": 42,
    "reweighting_enabled": false,
    "reweighting_mode": "none",
    "manual_group_weights": null,
    "model": "XGBoost",
    "calibration": "None"
  },
  "overall_metrics": {
    "roc_auc": 0.9831211282456834,
    "accuracy": 0.9393694421988682,
    "precision": 0.9500924214417745,
    "recall": 0.9145907473309609,
    "log_loss": 0.1654037553968835
  },
  "by_group": {
    "A": {
      "support": 776,
      "roc_auc": 0.9849187132480111,
      "log_loss": 0.15196617036997118,
      "accuracy": 0.9355670103092784,
      "precision": 0.965183752417795,
      "recall": 0.9397363465160076,
      "FPR": 0.07346938775510205,
      "approval_rate": 0.6662371134020618
    },
    "B": {
      "support": 461,
      "roc_auc": 0.8842460615153789,
      "log_loss": 0.18802320437927825,
      "accuracy": 0.9457700650759219,
      "precision": 0.625,
      "recall": 0.4838709677419355,
      "FPR": 0.020930232558139535,
      "approval_rate": 0.052060737527114966
    }
  },
  "bias_metrics": {
    "SPD": -0.6141763758749469,
    "EOD": -0.45586537877407207,
    "AOD": 0.2542022669855173,
    "PrecisionDiff": -0.34018375241779497
  }
}