{
  "meta": {
    "mode": "static",
    "representation_bias": 0.6,
    "label_bias": 0.5,
    "seed": 42,
    "reweighting_enabled": false,
    "reweighting_mode": "none",
    "manual_group_weights": null,
    "model": "XGBoost",
    "calibration": "None"
  },
  "overall_metrics": {
    "roc_auc": 0.940579939369975,
    "accuracy": 0.6887631366208569,
    "precision": 0.5997745208568207,
    "recall": 0.9466192170818505,
    "log_loss": 0.5472140929891497
  },
  "by_group": {
    "A": {
      "support": 776,
      "roc_auc": 0.983143087743572,
      "log_loss": 0.15793936835099565,
      "accuracy": 0.9304123711340206,
      "precision": 0.9474671669793621,
      "recall": 0.9510357815442562,
      "FPR": 0.11428571428571428,
      "approval_rate": 0.6868556701030928
    },
    "B": {
      "support": 461,
      "roc_auc": 0.7567891972993249,
      "log_loss": 1.2024791392347194,
      "accuracy": 0.28199566160520606,
      "precision": 0.07627118644067797,
      "recall": 0.8709677419354839,
      "FPR": 0.7604651162790698,
      "approval_rate": 0.7678958785249458
    }
  },
  "bias_metrics": {
    "SPD": 0.081040208421853,
    "EOD": -0.08006803960877229,
    "AOD": 0.36312372080106387,
    "PrecisionDiff": -0.8711959805386841
  }
}