{
  "meta": {
    "mode": "static",
    "representation_bias": 0.5,
    "label_bias": 0.5,
    "seed": 42,
    "reweighting_enabled": true,
    "reweighting_mode": "auto",
    "manual_group_weights": {
      "A": 1.0,
      "B": 1.0000000000000002
    },
    "model": "XGBoost",
    "calibration": "Isotonic"
  },
  "overall_metrics": {
    "roc_auc": 0.9814426269865915,
    "accuracy": 0.930327868852459,
    "precision": 0.9508928571428571,
    "recall": 0.8711656441717791,
    "log_loss": 0.19757180396405513
  },
  "by_group": {
    "A": {
      "support": 644,
      "roc_auc": 0.9678417147955112,
      "log_loss": 0.21568269173090485,
      "accuracy": 0.9037267080745341,
      "precision": 0.9714285714285714,
      "recall": 0.8908296943231441,
      "FPR": 0.06451612903225806,
      "approval_rate": 0.6521739130434783
    },
    "B": {
      "support": 576,
      "roc_auc": 0.9393015685113939,
      "log_loss": 0.17732282528028567,
      "accuracy": 0.9600694444444444,
      "precision": 0.6428571428571429,
      "recall": 0.5806451612903226,
      "FPR": 0.01834862385321101,
      "approval_rate": 0.04861111111111111
    }
  },
  "bias_metrics": {
    "SPD": -0.6035628019323671,
    "EOD": -0.31018453303282145,
    "AOD": 0.17817601910593425,
    "PrecisionDiff": -0.3285714285714285
  }
}