{
  "meta": {
    "mode": "static",
    "representation_bias": 0.5,
    "label_bias": 0.5,
    "seed": 42,
    "reweighting_enabled": false,
    "reweighting_mode": "none",
    "manual_group_weights": null,
    "model": "XGBoost",
    "calibration": "None"
  },
  "overall_metrics": {
    "roc_auc": 0.810630030297181,
    "accuracy": 0.6598360655737705,
    "precision": 0.5512465373961218,
    "recall": 0.8139059304703476,
    "log_loss": 0.7635858940889422
  },
  "by_group": {
    "A": {
      "support": 644,
      "roc_auc": 0.9648189885899423,
      "log_loss": 0.3148248621163354,
      "accuracy": 0.8462732919254659,
      "precision": 0.9711286089238845,
      "recall": 0.8078602620087336,
      "FPR": 0.05913978494623656,
      "approval_rate": 0.5916149068322981
    },
    "B": {
      "support": 576,
      "roc_auc": 0.8179934891979875,
      "log_loss": 1.2653256590027597,
      "accuracy": 0.4513888888888889,
      "precision": 0.08211143695014662,
      "recall": 0.9032258064516129,
      "FPR": 0.5743119266055046,
      "approval_rate": 0.5920138888888888
    }
  },
  "bias_metrics": {
    "SPD": 0.0003989820565907243,
    "EOD": 0.09536554444287926,
    "AOD": 0.30526884305107366,
    "PrecisionDiff": -0.8890171719737379
  }
}