{
  "meta": {
    "mode": "static",
    "representation_bias": 0.6,
    "label_bias": 0.6,
    "seed": 42,
    "reweighting_enabled": false,
    "reweighting_mode": "none",
    "manual_group_weights": null,
    "model": "XGBoost",
    "calibration": "None"
  },
  "overall_metrics": {
    "roc_auc": 0.8403403430212004,
    "accuracy": 0.6781045751633987,
    "precision": 0.5980810234541578,
    "recall": 0.9705882352941176,
    "log_loss": 0.9803006112515066
  },
  "by_group": {
    "A": {
      "support": 763,
      "roc_auc": 0.9639566395663957,
      "log_loss": 0.19765639901192977,
      "accuracy": 0.9318479685452162,
      "precision": 0.9362068965517242,
      "recall": 0.9731182795698925,
      "FPR": 0.18048780487804877,
      "approval_rate": 0.7601572739187418
    },
    "B": {
      "support": 461,
      "roc_auc": 0.720408163265306,
      "log_loss": 2.2756531794484633,
      "accuracy": 0.25813449023861174,
      "precision": 0.05027932960893855,
      "recall": 0.9,
      "FPR": 0.7709750566893424,
      "approval_rate": 0.7765726681127982
    }
  },
  "bias_metrics": {
    "SPD": 0.016415394194056465,
    "EOD": -0.07311827956989247,
    "AOD": 0.331802765690593,
    "PrecisionDiff": -0.8859275669427856
  }
}