{
  "meta": {
    "mode": "static",
    "representation_bias": 0.5,
    "label_bias": 0.6,
    "seed": 42,
    "reweighting_enabled": false,
    "reweighting_mode": "none",
    "manual_group_weights": null,
    "model": "XGBoost",
    "calibration": "None"
  },
  "overall_metrics": {
    "roc_auc": 0.9758223862154575,
    "accuracy": 0.9218106995884774,
    "precision": 0.9040511727078892,
    "recall": 0.8945147679324894,
    "log_loss": 0.19993852818779975
  },
  "by_group": {
    "A": {
      "support": 618,
      "roc_auc": 0.9547349073211142,
      "log_loss": 0.24187462786019207,
      "accuracy": 0.9061488673139159,
      "precision": 0.9346846846846847,
      "recall": 0.9346846846846847,
      "FPR": 0.16666666666666666,
      "approval_rate": 0.7184466019417476
    },
    "B": {
      "support": 597,
      "roc_auc": 0.8915343915343916,
      "log_loss": 0.15652728933095136,
      "accuracy": 0.9380234505862647,
      "precision": 0.36,
      "recall": 0.3,
      "FPR": 0.02821869488536155,
      "approval_rate": 0.04187604690117253
    }
  },
  "bias_metrics": {
    "SPD": -0.6765705550405751,
    "EOD": -0.6346846846846848,
    "AOD": 0.3865663282329949,
    "PrecisionDiff": -0.5746846846846847
  }
}