{
  "meta": {
    "mode": "static",
    "representation_bias": 0.6,
    "label_bias": 0.4,
    "seed": 42,
    "reweighting_enabled": true,
    "reweighting_mode": "manual",
    "manual_group_weights": {
      "A": 0.5,
      "B": 1.5
    },
    "model": "XGBoost",
    "calibration": "Isotonic"
  },
  "overall_metrics": {
    "roc_auc": 0.9748948516855354,
    "accuracy": 0.9213938411669368,
    "precision": 0.941712204007286,
    "recall": 0.8883161512027491,
    "log_loss": 0.27584902751884244
  },
  "by_group": {
    "A": {
      "support": 771,
      "roc_auc": 0.9575627181943656,
      "log_loss": 0.34375649487069987,
      "accuracy": 0.9092088197146563,
      "precision": 0.9506641366223909,
      "recall": 0.9192660550458716,
      "FPR": 0.11504424778761062,
      "approval_rate": 0.6835278858625162
    },
    "B": {
      "support": 463,
      "roc_auc": 0.9311001141987058,
      "log_loss": 0.1627676941964189,
      "accuracy": 0.9416846652267818,
      "precision": 0.7272727272727273,
      "recall": 0.43243243243243246,
      "FPR": 0.014084507042253521,
      "approval_rate": 0.047516198704103674
    }
  },
  "bias_metrics": {
    "SPD": -0.6360116871584125,
    "EOD": -0.4868336226134391,
    "AOD": 0.2938966816793981,
    "PrecisionDiff": -0.22339140934966362
  }
}