{
  "meta": {
    "mode": "static",
    "representation_bias": 0.8,
    "label_bias": 0.0,
    "seed": 42,
    "reweighting_enabled": false,
    "reweighting_mode": "none",
    "manual_group_weights": null,
    "model": "XGBoost",
    "calibration": "None"
  },
  "overall_metrics": {
    "roc_auc": 0.9697485888611006,
    "accuracy": 0.920545746388443,
    "precision": 0.9296875,
    "recall": 0.9167950693374423,
    "log_loss": 0.23715968045615737
  },
  "by_group": {
    "A": {
      "support": 1030,
      "roc_auc": 0.9652348079727758,
      "log_loss": 0.24909905314760428,
      "accuracy": 0.9155339805825242,
      "precision": 0.9316666666666666,
      "recall": 0.9239669421487603,
      "FPR": 0.09647058823529411,
      "approval_rate": 0.5825242718446602
    },
    "B": {
      "support": 216,
      "roc_auc": 0.9656448202959831,
      "log_loss": 0.18022656067749848,
      "accuracy": 0.9444444444444444,
      "precision": 0.9,
      "recall": 0.8181818181818182,
      "FPR": 0.023255813953488372,
      "approval_rate": 0.18518518518518517
    }
  },
  "bias_metrics": {
    "SPD": -0.397339086659475,
    "EOD": -0.10578512396694206,
    "AOD": 0.0894999491243739,
    "PrecisionDiff": -0.03166666666666662
  }
}