{
  "meta": {
    "mode": "static",
    "representation_bias": 0.7,
    "label_bias": 0.6,
    "seed": 42,
    "reweighting_enabled": false,
    "reweighting_mode": "none",
    "manual_group_weights": null,
    "model": "XGBoost",
    "calibration": "None"
  },
  "overall_metrics": {
    "roc_auc": 0.8481227881212494,
    "accuracy": 0.7699680511182109,
    "precision": 0.7155756207674944,
    "recall": 0.9462686567164179,
    "log_loss": 0.7095624314576258
  },
  "by_group": {
    "A": {
      "support": 908,
      "roc_auc": 0.9552846754970883,
      "log_loss": 0.2172948431945313,
      "accuracy": 0.9240088105726872,
      "precision": 0.9425981873111783,
      "recall": 0.9526717557251908,
      "FPR": 0.15019762845849802,
      "approval_rate": 0.7290748898678414
    },
    "B": {
      "support": 344,
      "roc_auc": 0.6464032421479229,
      "log_loss": 2.0089199028032354,
      "accuracy": 0.3633720930232558,
      "precision": 0.044642857142857144,
      "recall": 0.6666666666666666,
      "FPR": 0.6504559270516718,
      "approval_rate": 0.6511627906976745
    }
  },
  "bias_metrics": {
    "SPD": -0.07791209917016695,
    "EOD": -0.2860050890585242,
    "AOD": 0.39313169382584895,
    "PrecisionDiff": -0.8979553301683212
  }
}